Store,TotalSales,AvgDailySales,MedianDailySales,StdDailySales,AvgCustomers,AvgBasketSize,DaysOpen,StoreType,Assortment,StabilityCV,Growth_2013_2014_Pct,Growth_2014_2015_Pct,RankWithinType,RankOverall
1,3716854,4759.096030729834,4647.0,1012.106393133986,564.0499359795134,8.39303807039101,781,c,a,0.2126677811497689,-3.8716686561959306,-2.09149179900424,122,900
2,3883858,4953.900510204082,4783.0,1610.1491019698924,583.9987244897959,8.408442847104013,784,a,a,0.3250265318516783,1.8995218268954228,2.456832964722937,440,854
3,5408261,6942.568677792041,6619.0,2193.3838042966454,750.0770218228498,9.117599139435791,779,a,a,0.3159326045002426,-2.5991124225601605,1.902127113521472,244,449
4,7556507,9638.401785714286,9430.5,1936.031880865101,1321.7525510204082,7.249827317589976,784,c,c,0.2008664842893997,4.182822600745197,3.977792947513714,12,101
5,3642818,4676.274711168165,4616.0,1765.7456282447836,537.3401797175867,8.611229055339265,779,a,a,0.3775966420509304,-0.969069754997085,3.0671677792679817,479,923
6,4297758,5509.946153846154,5462.5,1577.3801331284312,635.2346153846154,8.634089481276359,780,a,a,0.2862786838719575,-18.51115461853182,-6.569499445986161,384,738
7,6930202,8817.050890585242,8494.0,2448.618883814134,948.56106870229,9.232635096580518,786,a,c,0.277714046816804,4.722848460804818,3.5581537662358107,99,163
8,4342857,5539.3584183673465,5356.0,1894.0945579586112,658.1977040816327,8.290322912051543,784,a,a,0.3419339235529862,9.559783253569591,20.88060839977323,376,721
9,5112061,6562.337612323492,6215.0,1628.6539398516463,579.8164313222079,11.206412561171438,779,a,c,0.2481819796642552,18.209346990300425,15.156312315698251,274,527
10,4365642,5568.4209183673465,5395.5,1051.1327740493298,593.9553571428571,9.331909140175084,784,a,a,0.1887667598155493,5.280702455090372,4.496747834013608,371,715
11,6296286,8030.977040816327,7571.5,2242.5260261055687,1130.091836734694,7.045099680682088,784,a,c,0.2792345208694087,-1.7244919317060527,-1.4484861848162591,144,248
12,5950245,7589.598214285715,7171.5,2055.967799328141,896.952806122449,8.347888670144664,784,a,c,0.2708928379710856,2.14011835094208,6.714727690712387,170,303
13,3126578,5034.747181964573,4719.0,1617.506666141505,382.8341384863124,12.935484073556932,621,d,a,0.3212686968544762,-50.15481276329477,22.78194572341693,328,1026
14,4291174,5508.567394094994,5391.0,1479.6472358071142,631.4672657252888,8.650134634709522,779,a,a,0.2686083567559232,3.36360032376836,0.3690734037962426,387,743
15,5231510,6672.844387755102,6418.0,1625.666157597631,663.4017857142857,9.953499746447982,784,d,c,0.2436241673162323,3.4863738916635274,4.955800621985176,152,492
16,5967891,7680.683397683398,7478.0,1904.357955946325,852.4774774774775,8.979153773672161,777,a,c,0.2479412126947852,7.53205274112165,4.762701367219012,168,299
17,4954488,6335.662404092072,5997.0,2497.622418941427,791.6751918158568,7.836924285326805,782,a,a,0.3942164622484091,-0.1994827342198426,2.851326303707145,295,562
18,5130137,6560.277493606138,6362.5,1783.419400041794,713.2800511508951,9.101187791183644,782,d,c,0.2718512138823355,7.927241479004997,10.5920818390222,160,520
19,5036169,6464.915275994866,6247.0,1842.0713550596745,624.6700898587933,10.262941856461106,779,a,c,0.284933564697985,9.954709287468804,5.7890711356276245,289,548
20,4801543,7756.9353796445885,7804.0,1695.430874493675,848.5589660743134,9.222633442320609,619,d,a,0.218569678811912,-50.43940701957106,29.12664923279602,192,606
21,4259763,5482.320463320463,5278.0,1790.771323911026,516.3616473616473,10.411707418081985,777,c,c,0.326644773119741,6.683279509496629,3.438169046940204,102,747
22,2801506,4525.857835218094,4311.0,1140.0046112788557,504.2471728594507,8.897388246700617,619,a,a,0.2518869687880774,-51.68293743654624,25.557849102454643,573,1074
23,4300299,5520.281129653402,5181.0,1605.5300230134883,482.4364569961489,11.28343743662108,779,d,a,0.2908420758480997,1.1530228353821972,1.589539402168254,239,737
24,7313475,9388.28626444159,8875.0,2604.8210323838757,835.4300385109115,11.095816067764463,779,a,c,0.2774543680298407,2.687000144830181,10.720334381769032,74,125
25,8376557,11139.038563829788,10808.0,2862.5967227640194,1566.186170212766,7.033351460621598,752,c,a,0.2569877737975808,-13.316380009503789,16.867533407111523,7,58
26,5217266,6671.695652173913,6363.5,2012.8004028395897,556.0728900255755,11.81552144833073,782,d,a,0.3016924793599865,5.174727668845316,5.700309578128018,156,499
27,7383809,9478.57381258023,8684.0,2915.379757284599,1074.7586649550706,8.677085519666216,779,a,a,0.3075757824890517,3.7317660413451943,3.544204794629102,69,116
28,4080950,5293.060959792478,5036.0,2149.913201550509,581.3177691309987,8.897948913830255,771,a,a,0.406175787107277,-4.89156522665543,-13.262059538723832,418,801
29,5737160,7364.775353016688,6887.0,2204.586750381418,653.7008985879332,11.094594734754631,779,d,c,0.2993420226291622,18.202513426818477,14.18430558710147,93,341
30,4114046,5294.782496782497,5149.0,1542.345143458142,777.1274131274131,6.745731765874589,777,a,a,0.2912952787759243,-15.451177834602326,-14.822687250313512,410,784
31,4596143,5862.427295918367,5716.5,1333.9646416623827,586.0510204081633,9.92485750340544,784,d,c,0.2275447650482824,2.2188254096171174,2.830052113491604,216,664
32,2526117,4067.8212560386473,3896.0,1278.9942679128417,477.1867954911433,8.410880326093704,621,a,a,0.3144175192098681,-49.78813153420757,19.909156964688005,591,1096
33,6572158,8436.659820282413,8248.0,1745.3864720537538,836.3093709884467,10.021715563373872,779,a,c,0.2068812194913564,-2.9098962829907657,2.2784840026066018,125,211
34,6296685,8031.485969387755,7807.5,1513.0003548832915,993.4591836734694,8.03513404204783,784,c,a,0.1883836142713984,2.3869877041922094,2.5112344511778373,36,247
35,7558693,9703.07188703466,9127.0,2998.390768904521,729.6546854942234,13.061844764271775,779,d,c,0.3090145887624516,9.010654963152726,14.298446232237374,19,100
36,5824183,9363.638263665594,9234.5,1323.5946660328486,1090.3183279742766,8.573610008309313,622,a,c,0.1413547414757455,-52.39475265307172,26.694322960723262,183,326
37,5549053,7114.170512820513,7102.5,1890.991274547052,781.0910256410257,9.049371630719286,780,c,a,0.2658062905772751,-5.873194368053871,-0.2194949771031022,54,396
38,4677617,6004.643132220795,5903.0,1811.5706491756544,535.3453145057766,11.058677145936858,779,d,a,0.301694973254081,1.993855011611956,5.074039357281926,206,637
39,3780153,4852.571245186136,4391.0,1864.530653084824,629.6161745827984,7.524005565679037,779,a,a,0.3842356060067086,9.724856040473153,8.637481155050446,459,884
40,3804215,4902.3389175257735,4865.0,1125.8411678870502,663.8208762886597,7.34969456445831,776,a,a,0.2296538829378336,0.0130986663592846,-13.425438717955815,456,877
41,3318407,5335.059485530546,5187.5,1377.795749921179,397.959807073955,13.297476701765548,622,d,c,0.2582531185749588,-42.850992436269856,27.58032955528355,320,999
42,7928768,10178.136071887036,9631.0,2487.339190543346,1100.0487804878048,9.159626752347728,779,a,c,0.2443806187081355,6.389539690119738,4.831464998579364,52,84
43,5315050,6822.9139922978175,6554.0,1963.712854219552,610.1591784338896,11.056549817849795,779,d,a,0.2878114624391174,-1.6707566433109344,-7.278492720356283,143,473
44,4295144,5478.5,5159.0,1585.82126854997,640.0586734693877,8.452718406490561,784,a,a,0.2894626756502637,6.257087088733276,-2.6670396312586835,385,740
45,4166458,5348.469833119384,5340.0,1321.448189986602,415.38125802310657,12.774736677430171,779,d,a,0.2470703268818653,-3.659143660093013,5.006416764677303,247,771
46,3329125,5352.290996784566,5098.0,1578.754203373412,660.5016077170418,7.968036771981357,622,c,a,0.2949679313628242,-49.283706205846975,19.771082617157656,136,996
47,5601760,7145.102040816327,6862.0,1745.3600146931933,920.6505102040816,7.682890068620249,784,a,c,0.244273630344653,6.1760778926565925,10.036334570520058,211,386
48,3085014,3934.966836734694,3840.0,905.3725079817356,429.2334183673469,9.152884386463652,784,a,a,0.2300838979199707,-9.329658162310524,-5.098135208509502,548,1034
49,5675296,7304.113256113256,7041.0,1811.9482445050064,531.7078507078508,13.612547638472758,777,d,c,0.2480723095289461,8.06906380306118,6.630171379537744,98,360
50,3315479,4256.070603337613,4198.0,1181.059842281453,358.7997432605905,11.722754931089488,779,d,a,0.2775000587056204,0.9645871831408728,7.720383167959165,321,1001
51,4152028,6675.286173633441,6583.5,1516.2807743197864,496.9871382636656,13.350809082868793,622,a,c,0.2271484300267019,-48.74085034170656,25.14331461606662,408,779
52,4607742,7407.945337620578,7178.0,1995.8422871084852,503.4983922829582,14.593448576557035,622,d,c,0.269419143385519,-54.67889159903108,6.835758473145334,214,658
53,4127609,5264.807397959184,5143.0,1479.465504394612,566.7091836734694,9.20285975557941,784,a,c,0.2810103756061622,0.9162499889767808,6.624870690145168,409,782
54,6207418,7907.538853503184,7984.0,2081.5791454093887,730.4789808917197,10.757870777104667,785,d,c,0.2632398251811574,0.5445043049023753,3.426770836174845,65,262
55,3587212,4598.989743589744,4299.0,1533.8537787314715,558.9641025641025,8.117352443687528,780,a,a,0.3335197215582875,19.53667839991625,10.134047995745204,488,934
56,5718290,7321.754161331626,7238.0,1730.431691655545,506.93854033290654,14.36483416428389,781,d,c,0.2363411354063855,13.497759057185505,15.932996496522607,96,350
57,8155633,10591.73116883117,9757.5,3705.1394676988966,988.5207792207792,10.52628760920903,770,d,c,0.3498143418332029,-10.640390158623344,-16.179697575453353,9,71
58,3947427,6336.158908507223,5962.0,1789.0905876047868,513.1476725521669,12.169475362558757,623,a,c,0.2823620135540903,-45.7125816776486,31.987681108995403,435,838
59,4302026,5501.312020460358,5386.5,1913.4280871368169,564.0153452685422,9.61659853811686,782,a,c,0.3478130453281757,1.215149051867786,1.8198481550526455,383,736
60,6265808,8033.087179487179,7460.5,2697.448807085022,713.473076923077,11.113233818333423,780,d,c,0.3357922983797648,11.739019560310169,11.888850665435218,58,252
61,3668998,4722.005148005148,4574.0,1192.8490725013266,571.7387387387388,8.188622013038053,777,a,c,0.252614945370243,18.177835319139565,5.631062233025747,477,918
62,5066512,6503.86649550706,6491.0,1831.510494555029,717.9833119383825,9.014748668384966,779,a,a,0.2816033348501627,2.147353986162189,3.823574897157527,282,539
63,5453808,6956.3877551020405,6858.0,1858.9440204496025,638.8520408163265,10.772893664188404,784,c,c,0.2672283498121841,8.668811879695166,9.327152171102451,63,434
64,8070070,10359.525032092426,10085.0,2644.0081093076624,792.8536585365854,12.935112100434782,779,d,c,0.2552248390845022,13.769094275574757,8.149869150461356,11,74
65,3988058,5112.894871794872,4985.0,1757.783812774258,455.9,11.067314695169898,780,a,c,0.3437942411980771,1.4492782138029685,4.979060134528327,427,828
66,4750858,6114.360360360361,5991.0,1158.2185825316049,524.056628056628,11.625059315155324,777,d,a,0.1894259602427723,1.2910585723219967,3.9511535310815193,198,618
67,6083079,7828.930501930502,7401.0,2188.942863248343,798.3230373230373,9.699075179516631,777,a,c,0.2795966655609704,4.379403080097913,4.269671288019208,156,280
68,5929590,7563.252551020408,7135.5,1927.5124686299732,1151.954081632653,6.501634871189416,784,a,c,0.2548523212238787,5.610239057894244,7.298904562945377,174,311
69,7362059,9426.451984635083,9042.0,2172.9050244886403,1183.663252240717,7.896438163325439,781,c,c,0.230511440362761,-4.204682484230068,-1.3732547586189747,17,120
70,5167478,6608.028132992327,6296.0,1677.983191822024,679.0971867007672,9.62905999276404,782,c,c,0.2539309999974499,2.0451073235195683,2.1849864431007298,71,505
71,7058595,9061.09756097561,8514.0,2583.332567633143,746.9204107830552,11.969319278301386,779,a,a,0.285101506770996,2.7210659774204604,0.6724749022308426,91,151
72,2753676,4420.025682182985,3960.0,1773.281547381775,474.8603531300161,9.070569376162378,623,a,a,0.4011925891131875,-48.79063772922177,16.754623928465083,576,1077
73,3588351,4576.978316326531,4528.0,1356.554700224665,494.1352040816327,9.21326266791261,784,a,c,0.296386525447521,3.654493654493655,7.577837266951305,487,933
74,4855145,6256.630154639175,5832.5,1706.9473423306074,854.2229381443299,7.2468170736555315,776,a,a,0.2728221582771578,1.127590194461214,0.875223211130638,309,589
75,4722388,6023.4540816326535,5847.0,1289.8346228143537,642.140306122449,9.32492595756026,784,d,c,0.2141353790257076,3.63613394835516,5.382981133107082,201,625
76,5606718,8999.54735152488,8573.0,2068.1852516867093,928.096308186196,9.61279799772207,623,d,c,0.2298099194218114,-50.30814520800882,22.371559539451063,110,385
77,5952383,7621.489116517286,7428.0,1958.089885301454,662.8335467349552,11.366666383966416,781,d,c,0.2569169692911957,7.74417816633132,6.056357614792892,79,302
78,2899629,3717.473076923077,3588.0,1091.6862205561931,494.8589743589744,7.400858722496558,780,a,a,0.2936635176547864,3.895270786567236,4.154123181291556,564,1059
79,4253485,5474.240669240669,5058.0,1547.2317373174697,560.4877734877734,9.641750035834487,777,a,a,0.282638603379505,3.026614700094868,5.512446175187889,390,749
80,5933077,7616.2734274711165,7616.0,1774.0271865336078,577.7458279845956,13.100543330733482,779,d,a,0.2329258794904702,2.499335983447574,6.34712284169348,82,308
81,4345098,6985.688102893891,6814.0,1320.2906730488223,561.4983922829582,12.389772699065684,622,a,a,0.1889993732330933,-49.64519394118689,28.292750020877037,375,720
82,7026310,9019.653401797175,8668.0,2796.89060145863,838.5596919127086,10.619204979619887,779,a,a,0.3100884786660812,4.150210817106216,1.6317727777217232,94,156
83,3028523,3887.7060333761233,3725.0,886.0038050264756,345.8395378690629,11.161528866301998,779,a,a,0.2278988682323444,0.7864369880347574,4.460063317024403,552,1042
84,10092722,12955.997432605904,12213.0,2947.7899259096084,1392.3106546854942,9.227294473658098,779,a,c,0.227523194662806,2.9909629422511115,4.858110313023334,20,32
85,6850652,7272.454352441614,6622.0,2272.8611647237985,1015.4012738853504,7.119746921047082,942,b,a,0.3125301383240337,1.3095939968217298,4.176862111925576,12,174
86,3652727,4695.021850899743,4374.0,1369.596437770384,604.9601542416452,7.657311547365303,778,a,a,0.2917124736081724,3.455431628647016,-0.6856363404130206,478,922
87,4598287,5865.161989795918,5838.5,1631.6790451227976,737.4477040816327,7.9312317586326015,784,a,a,0.2781984620308113,1.3018356564108888,-1.8195842019376791,341,663
88,4699058,6024.433333333333,5949.0,2463.730831311943,613.4910256410257,9.660038562762638,780,a,a,0.4089564437006981,0.1736665382286563,2.407163951237943,329,633
89,3714173,5971.33922829582,5846.5,1271.0736085031504,624.1752411575562,9.539316866189404,622,a,a,0.2128624015329817,-51.5386735539904,23.875604071779712,467,902
90,6548246,8416.768637532134,7909.5,2017.9997316158103,1057.060411311054,7.900984869773345,778,a,a,0.2397594395807825,5.150161138412972,2.06682194059926,128,214
91,4324904,5559.002570694088,5335.0,1664.112031080913,613.9305912596401,8.989314832695666,778,c,a,0.299354427330861,16.400700035519773,-31.104241364601943,98,727
92,4671417,5996.684210526316,5719.0,1836.8827764983064,547.0577663671373,10.771458571042976,779,c,a,0.3063164095374446,10.227274759109497,10.73702345118611,89,638
93,4646872,5965.175866495507,5968.0,1952.2198961735323,603.5545571245186,9.809917854856817,779,a,a,0.327269461934648,-1.5613641287671745,0.5366785196891874,331,647
94,5547371,7121.14377406932,6641.0,1993.796303311044,640.1437740693196,10.974302409470909,779,d,c,0.279982593606828,3.1404754813638096,6.205270319251385,112,397
95,5958064,7638.54358974359,7303.5,2434.299184685851,843.7192307692308,8.965450008010421,780,a,a,0.3186862987801009,-2.23995799948334,-10.955338013585097,169,301
96,4037973,5176.888461538461,4861.5,2257.3803751860046,542.774358974359,9.356967091482934,780,a,a,0.4360496448701078,4.087074578862731,5.804459590998092,421,809
97,5228649,6703.3961538461535,6500.5,2000.3082248335925,688.8307692307692,9.626975252759586,780,d,c,0.298402209704687,3.818743515122772,6.199799981248242,153,494
98,3980584,5109.863928112965,4957.0,1299.448767636714,451.5853658536585,11.195776049372638,779,d,c,0.2543020295486793,11.428000444724038,11.156693936636328,267,829
99,3191184,5130.520900321543,4971.5,1346.8221733217797,465.5209003215434,10.883786545207828,622,c,c,0.2625117798930262,-46.24158130964522,31.787331205371057,138,1021
100,4826434,7964.412541254125,7754.0,1672.2694950991463,686.2194719471947,11.546505916377834,606,d,a,0.2099677140576423,-47.62528966177919,22.75138896269643,187,595
101,5856384,7469.877551020408,7273.5,1673.1916275594351,777.155612244898,9.531711845382334,784,d,c,0.2239918413831123,6.88101096003281,5.65180663607543,86,320
102,5444156,7061.162127107653,6559.0,2368.8068163995395,1048.9857328145265,6.585097846216554,771,a,a,0.3354698240542785,2.9943239171320006,5.034831032881332,235,437
103,2959073,4689.497622820919,4555.0,1207.662946872308,421.6164817749604,11.053830055040429,631,d,c,0.2575250152586389,107.22968893229375,8.032680948835875,336,1053
104,7939205,10126.53698979592,9915.0,1418.1354436586955,1312.3775510204082,7.693295586514344,784,a,a,0.1400415013629724,3.71071796182015,2.26253716136056,51,83
105,3348791,4441.3673740053055,4271.0,1723.2528605222187,515.0490716180371,8.506618848974453,754,a,c,0.3880005222283961,38.06264582089899,10.32450019794141,519,987
106,6718335,8668.81935483871,8567.0,2070.441651916768,825.6477419354839,10.445636595756524,775,a,a,0.2388377894575806,-1.4120266952841096,6.586365948483215,113,192
107,5751886,7336.589285714285,7134.5,1261.9031572291017,955.311224489796,7.641653219505744,784,a,a,0.1720013357823183,5.646952660240627,5.593068776016887,186,334
108,6863994,11035.360128617363,10642.0,2334.7618475106365,848.7813504823151,12.92191049059133,622,d,c,0.2115709700724703,-46.4056288430059,32.874577650831135,35,171
109,5068030,6464.323979591837,6137.0,1477.568357979471,742.3762755102041,8.634331637683534,784,a,c,0.2285727575913926,2.9314802743408928,5.37272742084102,281,538
110,3554993,4534.429846938776,4410.0,1228.5002091615886,587.4387755102041,7.686484911513299,784,a,c,0.2709271618770235,-2.4302314580117854,-1.0091879928212266,494,946
111,5288733,6771.745198463508,6618.0,1692.2639752461846,597.6747759282971,11.22190498552718,781,d,c,0.2499007162334098,2.287527356196234,1.2280018806780553,146,479
112,4883888,6229.448979591837,6075.5,904.9735501022416,775.9936224489796,8.009287858771657,784,a,a,0.1452734508408377,3.337724033686029,1.5895935361500229,306,584
113,4477826,7199.077170418006,6917.0,1714.428092646756,699.3135048231511,10.216908100622504,622,d,c,0.2381455361656041,-52.83660231362962,-5.923223286953147,225,692
114,4191703,5346.559948979592,5187.5,1256.1082863562644,608.125,8.717191221080993,784,c,a,0.2349376605411479,1.6123257316215778,0.9732344460297262,105,763
115,4585191,7371.689710610933,7152.5,1693.1385919791662,552.0450160771704,13.280756952400768,622,d,c,0.2296812072192939,-47.56452575255986,30.051434523072125,219,667
116,5711629,7294.54533844189,7096.0,1420.4604374637106,758.2477650063857,9.575892943128464,783,a,a,0.1947291258823158,-4.147845999586869,4.840698344605193,195,351
117,3024044,3881.956354300385,3786.0,1091.6748720980252,492.0654685494224,7.814028024532415,779,a,a,0.281217708923667,1.0420501300422402,0.5280000714116749,554,1044
118,6085216,7781.606138107417,7425.0,2293.5151793622035,675.5460358056266,11.35285960167224,782,d,c,0.2947354490393181,11.869153334556524,7.79557637475136,71,279
119,4707987,6005.085459183673,5759.5,1391.7458670533454,664.9642857142857,8.960395587852673,784,a,c,0.2317612091473113,2.9510427880566046,2.6144348967428224,328,631
120,5552990,7110.102432778489,6767.0,1724.737568965715,638.1959026888604,11.02918240426831,781,d,a,0.2425756288706126,1.0099443122264704,1.813523459580319,111,394
121,3473474,4453.171794871795,4462.0,1381.4396376151165,504.1128205128205,8.839732752191189,780,a,a,0.3102147640488429,0.2124108520889037,-0.1199479920156756,504,964
122,5718883,6462.014689265537,6176.0,2254.824549165973,793.780790960452,8.084750520470356,885,a,c,0.348935224940235,4.677242571761046,3.108459465145543,193,348
123,6450589,8399.204427083334,8001.0,3243.6659457784885,959.77734375,8.604713054512981,768,a,a,0.3861872840383845,-1.747021321358471,-0.7139257517218209,137,232
124,3446410,4424.146341463415,4401.0,1270.4591235952123,525.6829268292682,8.374025300373905,779,a,a,0.2871648054876438,5.596814357331695,6.803768704585707,509,971
125,9280089,11836.848214285714,11418.0,2741.774909400014,1573.9413265306123,7.456884383409347,784,a,a,0.2316304864069311,-1.1934265811603155,4.213309746003089,24,39
126,5069540,6507.75353016688,5919.0,3049.536738528865,543.8125802310655,11.80863793817029,779,d,a,0.4686005277232227,-22.321222385561654,-8.874889571920079,167,537
127,3263370,5238.154093097914,5164.0,1513.1183273888942,659.7479935794543,7.816420204632228,623,d,a,0.288864798647803,-49.59791586335166,21.188252735143948,323,1009
128,5822099,7454.672215108835,7129.0,2146.6927532916056,594.6824583866837,12.371875259670247,781,d,c,0.2879660823906882,21.781377385950982,11.033883056666337,87,327
129,5727451,9208.120578778136,8768.5,2031.709143804463,1165.4630225080386,7.843029262794293,622,a,a,0.2206431949302361,-51.403823326716704,13.332079591621689,189,344
130,3999550,5121.062740076824,4953.0,964.208962301074,573.7451984635084,8.888182245835775,781,c,a,0.1882829817247287,4.412220029633173,1.5309899514346843,118,825
131,4109540,5275.404364569961,5057.0,1299.798598016282,558.8973042362003,9.35899364359478,779,c,a,0.2463884298132354,-13.647706424141576,1.0651473021613416,109,786
132,3908185,6283.255627009647,6094.5,1591.170509893406,582.4051446945338,10.675546989847687,622,d,c,0.2532398177552236,-42.44060150556743,34.449866208230546,275,846
133,5057788,6467.759590792839,6276.5,2163.862890282669,758.8273657289003,8.447328465442418,782,a,a,0.3345614288699026,-9.329538645608768,1.838829806348384,285,542
134,3705099,4725.8915816326535,4758.5,980.921925272082,494.5969387755102,9.564616480358978,784,a,a,0.2075633577978111,-0.5951377042200171,-2.275307705046351,469,905
135,4648837,5952.416133162612,5906.0,1366.0874365513678,539.7810499359795,10.944443660713294,781,d,a,0.2295013329025341,5.180614734779514,5.795622662472056,210,645
136,3414045,5488.818327974276,5049.5,1793.8788030908995,423.9807073954984,12.719252990243897,622,a,c,0.3268242262543521,-38.45994600236347,5.606422619766419,513,976
137,5147039,8274.98231511254,8054.0,1714.8325959739989,957.2813504823152,8.615873740479799,622,a,a,0.2072309680761749,-50.72153441057176,24.129193276320844,266,511
138,5721236,7334.917948717949,7139.0,2728.3053152333555,714.4435897435898,10.195885944424871,780,a,c,0.3719612590499705,7.033968462176726,6.340540742192988,191,346
139,4020701,6464.149517684888,6207.0,1686.4925628071874,513.8151125401929,12.513640377241083,622,a,a,0.2608993740310634,-50.75322785885275,22.375095494359226,424,815
140,5833328,7469.049935979513,7181.0,1624.092283381427,963.6120358514725,7.694425551794272,781,a,c,0.2174429542314258,2.846783782123329,4.40085635260334,180,323
141,4305156,5540.741312741313,5235.0,1463.0938987119987,611.8983268983269,8.94736262969897,777,c,c,0.2640610373466659,-1.9033702883540435,5.227001867590915,100,734
142,3586489,4603.965340179718,4515.0,1065.165393860443,568.7355584082156,8.054861872361945,779,a,a,0.2313582564500504,0.7354126297271493,0.57686642577739,489,935
143,4919195,6314.756097560976,5954.0,1857.946514009063,582.0423620025674,10.693874538953091,779,d,a,0.2942230048642227,9.73199560045679,2.583278591976805,180,574
144,4823879,7718.2064,7525.0,1896.27291510181,728.8896,10.5215697785791,625,a,c,0.2456882877739328,-53.61018786606989,16.023279845755365,313,598
145,5072096,8342.263157894737,7833.0,2070.3650403144075,1267.7861842105262,6.544990239634257,608,a,a,0.2481778626648943,-59.67803695437913,27.010296147701112,280,535
146,6086195,7812.83055198973,7395.0,2031.9104316132607,702.4223363286264,10.99456807649037,779,d,c,0.260073531365119,10.09463995175843,8.872533987529389,70,278
147,6397583,8212.558408215662,7977.0,1991.0660364634805,879.6161745827984,9.248291339560732,779,d,c,0.2424416287221363,3.7938376831109393,2.516110460926223,53,234
148,6772949,8638.96556122449,8320.0,1576.8211956666637,819.4770408163265,10.501585001359777,784,a,a,0.1825243062368643,1.7568488827168285,5.207220124244128,111,189
149,3462975,5567.483922829582,5312.0,1497.3443358585164,486.21864951768487,11.328794483081694,622,d,a,0.2689445280153617,-50.23367401544948,16.522709820368377,312,966
150,6599117,8417.24107142857,8039.0,2151.460751040159,820.3966836734694,10.147945506713471,784,c,c,0.2556016553147163,8.21992141311472,7.113377994739015,27,209
151,5269496,6755.764102564102,6479.5,1858.2341903763204,652.0076923076923,10.221685539588952,780,d,c,0.275059069879459,5.099860069345349,9.39825823185399,147,480
152,4317171,5541.939666238768,5181.0,1860.535135365206,621.403080872914,8.7339107441284,779,a,a,0.3357191249662095,2.800692056304334,1.769442212109889,381,728
153,5505047,7066.812580231065,6493.0,2601.5007955011665,633.8793324775353,10.878562494475704,779,a,a,0.3681293038361723,2.010072503946248,-11.214003129613973,224,411
154,6824045,8737.57362355954,8291.0,2289.9203823962216,737.4302176696543,11.718296200308144,781,d,c,0.2620773776625812,8.912620434189598,5.413023296123791,38,182
155,4290509,6886.852327447833,6847.0,1627.503682144064,660.3081861958267,10.342586687491474,623,d,a,0.2363203978772103,-48.788872190753935,20.681284313126703,242,744
156,5443980,6961.611253196931,6703.0,2815.318761405872,712.6202046035805,9.55114781341445,782,a,a,0.4044062012386878,-1.826497890453126,1.5965104445318314,236,438
157,7574054,9722.790757381255,9202.0,2425.040825165442,989.8305519897305,9.73917954396072,779,a,c,0.24941818513624,2.238193075453611,3.6203730182180953,61,99
158,6354198,8156.865211810013,8060.0,1646.702943653333,519.9845956354301,15.634011121083958,779,d,c,0.2018793863688142,7.527584540672722,0.887692465964816,54,240
159,4827383,7748.60834670947,7309.0,2090.5946939412643,695.9727126805778,10.980353452732263,623,d,a,0.2698026020155035,-51.45863351968902,18.568807597657656,186,594
160,4475644,5730.658130601792,5476.0,1409.864402336436,559.1843790012804,10.139068955285216,781,d,c,0.2460213766387041,1.6513489251888809,0.3577905852007093,226,696
161,5649774,7252.598202824133,7026.0,1400.0300479870737,819.2182284980745,8.798929800457792,779,a,c,0.1930384131085474,3.640883032590077,5.298971247354591,207,373
162,6066911,7768.131882202305,7479.0,2167.96947401874,555.6952624839948,13.799387243987358,781,d,c,0.2790850499057322,5.364847596414981,1.0206810975784983,72,281
163,5722186,7298.706632653061,6998.5,1517.62768699338,870.8048469387755,8.362886216234884,784,a,a,0.2079310435911747,-12.35135753169566,-3.641941919609395,190,345
164,3868966,6210.218298555377,5764.0,1986.1573882546784,633.4333868378812,9.648233633068315,623,a,a,0.3198208650276753,-49.50298100486288,26.855065078828183,445,860
165,2486031,3996.834405144695,3836.5,931.8986125453652,422.65434083601286,9.39792915419503,622,a,a,0.2331591750075591,-51.363206521380974,15.442238741004576,592,1099
166,4533193,5819.24646983312,5558.0,1527.92436482452,817.2682926829268,7.058447372271952,779,a,c,0.262563954413214,-2.389052465411718,-5.017449930596867,346,677
167,7250708,9295.779487179489,8773.0,3220.269054864011,1055.1846153846154,8.66292277048524,780,a,a,0.3464227028303897,6.724672084901735,4.831782862543752,78,132
168,5840824,7517.148005148005,7184.0,2287.199088421592,731.2445302445302,10.162973419296147,777,a,a,0.3042642085609114,4.207014262757951,2.796317527128025,179,322
169,5529699,7218.92819843342,7058.0,1975.1029793789285,687.9164490861618,10.413047475130018,766,d,a,0.273600585168245,-9.32125388957549,-24.8972361589452,116,405
170,3902355,5009.441591784339,4771.0,1327.2506054941578,543.7625160462131,9.132161975682957,779,a,a,0.2649498115061159,-4.46009419374758,-5.801349896019014,438,848
171,6566306,8429.147625160462,7891.0,2513.83353182677,867.2451861360719,9.601289894822564,779,a,a,0.2982310482169204,3.7929546581031377,0.8130953723110191,126,212
172,4342600,6981.672025723473,6809.0,1316.567308116346,868.9019292604502,8.000194460746632,622,a,a,0.1885747859918866,-53.94194296365964,27.59934336043388,378,723
173,6454502,8232.783163265307,7922.5,1910.683695790886,1006.5369897959184,8.106952627091758,784,a,a,0.2320823539136024,-2.521349934736819,-1.9339584025580645,136,231
174,3692528,5936.540192926045,5818.5,1028.587343643067,479.5225080385852,12.340856537981454,622,a,a,0.1732637715261706,-49.63219889328264,23.993880320676688,471,909
175,4535086,5784.548469387755,5717.0,1229.92870145978,690.7079081632653,8.313169995692284,784,c,a,0.2126231127578324,5.578515581919068,4.862288666049402,95,676
176,4111700,5278.177150192554,5019.0,1784.8958419249338,631.9987163029525,8.210750248860423,779,a,a,0.3381652019504155,0.25525386019672,0.699488629349682,411,785
177,3115395,3994.096153846154,3986.5,1431.4024747281403,485.2769230769231,8.132837041380013,780,a,a,0.3583795731481721,2.7462194162075257,-3.088666697384386,545,1029
178,7870142,10089.92564102564,9459.0,2946.74361113071,923.5653846153846,10.764204797947334,780,d,a,0.292048099854101,8.618706764259812,2.793424085042856,14,86
179,5683019,7295.274711168165,6741.0,2078.7266504807176,955.831835686778,7.527606000924885,779,a,c,0.2849415180073265,8.19375291580098,3.7200099091556207,200,359
180,5660528,7220.061224489796,7054.0,1560.1221883989226,843.2385204081633,8.492979547377098,784,d,a,0.2160815732569038,1.0825777909733243,1.7562579124832352,100,367
181,3976421,6382.698234349919,5864.0,2229.5422443636303,668.7897271268058,9.368387096791285,623,a,a,0.3493103014591618,-49.75291451519172,13.073883426828017,430,832
182,4142935,5304.654289372599,5161.0,1382.4634527826229,417.7938540332906,12.563225332688262,781,d,c,0.2606132986936141,14.740383964765297,6.9519824955768845,250,781
183,2945836,4821.335515548281,4634.0,1671.590256003572,601.0360065466449,7.934057672645213,611,a,a,0.3467068928542466,-49.747353979255976,23.8531807207471,561,1055
184,5123769,6594.2972972972975,6310.0,1665.884282037498,595.6679536679536,10.954716023791327,777,d,c,0.2526249889765006,-0.269478688382351,2.310380942674085,162,524
185,5621764,7170.617346938776,6891.0,1877.1025439941543,545.2283163265306,13.00774837721457,784,d,c,0.2617769786300913,5.866714261103526,5.252645073648411,106,378
186,2353548,3783.83922829582,3647.5,923.012994818377,381.0594855305466,9.832910256359613,622,a,a,0.2439355741956529,-52.574383411520586,31.65950934087422,598,1107
187,4923311,6279.7334183673465,6067.0,1712.3733998880723,775.7079081632653,8.052000738909616,784,a,c,0.2726824987314937,1.553705972531794,2.381424368742921,299,571
188,3884836,4986.952503209242,4803.0,1491.3854953313053,438.2400513478819,11.199970838528133,779,d,a,0.2990574893928822,8.538797914240932,10.14731590170865,278,852
189,6826322,8762.929396662388,8553.0,1945.860959953584,837.1258023106546,10.380341476497462,779,d,a,0.2220559897121527,-1.122339103785306,-3.2326066679344825,37,181
190,4477750,7198.954983922829,6939.0,1516.720269127397,656.104501607717,10.905505340012732,622,a,a,0.2106861721617421,-49.996007454035215,30.76766199784516,356,693
191,4253819,6838.9372990353695,6761.0,1247.7888453193837,713.8585209003215,9.541896441077451,622,a,a,0.182453616806135,-55.72480907275729,25.73219669625037,389,748
192,5608471,9016.834405144697,8453.0,3350.5095355867197,645.4131832797427,13.7930826364281,622,d,c,0.3715837937175639,-41.415026178060046,82.56955545606041,108,382
193,4166302,5362.036036036036,4793.0,1716.9086577060284,781.6589446589446,6.742343595214597,777,a,a,0.3201971501436007,-1.7295788583277092,-0.2540404686574996,404,772
194,3752516,4829.492921492922,4681.0,1047.370707895026,417.6499356499356,11.485900025884993,777,d,c,0.216869705561398,6.789720901503943,5.213191346326454,293,893
195,8345567,10713.17971758665,10527.0,2482.9333429745825,1298.4403080872914,8.178363851747779,779,a,c,0.23176436953621,3.061538466403622,2.629313747032082,39,60
196,4079175,5216.3363171355495,4986.5,1416.9966519317918,696.8529411764706,7.393025439781701,782,c,a,0.2716459533632809,2.7400012922400983,3.1122015871538027,113,803
197,5367788,6846.668367346939,6554.0,1762.7728461129043,842.280612244898,8.038681697350707,784,c,a,0.2574643244763983,-3.7413119232384537,7.290610629266905,66,461
198,2268273,2900.6048593350383,2526.0,1597.7619041355008,338.4782608695652,8.229190332270932,782,a,a,0.5508374913575048,-0.7167830596525288,-0.2014228770371865,601,1113
199,6197488,7955.697047496791,7641.0,2087.6449925796,624.5827984595635,12.598850865971714,779,d,c,0.2624088097015288,11.713595051925076,7.006423246854614,66,264
200,6021315,7729.544287548138,7487.0,1469.1363302432887,967.653401797176,7.952491494781449,779,a,a,0.1900676515444752,1.9282622053644944,1.5648474089936075,161,289
201,4089245,5249.351732991014,5197.0,1280.617723105365,444.2156611039794,11.754110035345644,779,d,a,0.2439573090629393,6.304429272075622,2.7433199584865755,255,797
202,4737388,6065.797695262484,5891.0,1362.9468564031754,509.39180537772086,11.815598049561588,781,d,c,0.2246937542060899,11.270358459644068,7.966168223596978,199,621
203,5298238,6775.240409207161,6302.0,1820.56295651128,882.5498721227622,7.596543196344221,782,c,c,0.2687082445129533,8.663586189192658,6.431739263184586,67,476
204,3412446,5486.247588424438,5329.0,1044.2747461106906,524.1784565916398,10.43809736916168,622,a,a,0.1903440793146175,-50.85830398934365,24.73963660184196,514,977
205,5124867,6536.820153061224,6146.5,1663.154467014849,879.1862244897959,7.34574879437561,784,a,a,0.2544286714444768,-0.5796089595627955,-0.2029978006400033,273,523
206,5575733,7157.551989730424,6896.0,2141.927788515268,799.9050064184852,8.865652497947625,779,a,c,0.299254241057345,13.57550482319381,12.220774543195493,216,391
207,8768418,11184.206632653062,10431.0,3256.122441561237,1300.3813775510205,8.469873638675871,784,a,a,0.2911357549542014,0.5521075041279824,1.2099338467883998,29,47
208,2302052,2936.2908163265306,2927.5,716.5256100102845,413.4719387755102,7.048267221264143,784,c,a,0.2440240612497298,-0.4806842204254753,5.343023371259506,147,1112
209,4928424,5587.78231292517,5598.0,1891.5684986332549,577.1916099773242,9.606841551673586,882,a,c,0.3385186452696705,3.3426040159959163,1.9074074757457111,297,568
210,2488114,3193.98459563543,3116.0,849.2890008473813,326.2593068035944,9.677723195441876,779,d,a,0.2659026602720414,6.945492881456682,1.5449934288024645,345,1098
211,10187567,12994.345663265309,12582.0,3176.586689807334,1485.8048469387754,8.673314095344281,784,a,c,0.2444591495505207,-0.3593200165729699,7.204705135516081,17,28
212,3744115,4775.656887755102,4562.0,1255.2042898774291,460.7576530612245,10.307979508707602,784,a,c,0.2628338507935532,-0.6450015936849386,-3.091489489851232,464,895
213,6334081,8131.041078305519,7659.0,2173.4899200957225,652.6662387676508,12.30243577182548,779,d,c,0.2673077037938997,16.665358893938137,0.2795612484175778,55,242
214,7269531,9331.875481386392,9231.0,2284.732611053744,715.4505776636714,12.962066708387152,779,d,a,0.2448310219752645,1.6594329916754862,3.083949906701696,25,131
215,3920679,6313.492753623188,6202.0,1813.894440333618,490.28341384863126,12.709896593600794,621,d,a,0.2873044305456215,-50.13284481244633,21.72665589660743,272,843
216,5607978,7226.775773195876,6927.5,1872.636599430984,887.6726804123712,8.050309624905454,776,c,a,0.2591247685277016,5.669908297415312,-4.472832305416794,52,384
217,3685496,4700.8877551020405,4533.5,996.8555825790876,642.8801020408164,7.260511203801132,784,c,a,0.2120568782986075,3.0543301484774887,6.674885954322962,124,913
218,3121555,5018.577170418006,5099.5,1503.0231680827771,696.3987138263666,7.143547287751648,622,a,c,0.2994918912360946,-52.27811073152783,18.70403220163889,544,1028
219,2441162,3133.712451861361,3138.0,822.2665440080124,406.4441591784339,7.674137575859478,779,a,a,0.2623937443652824,3.985403432896337,1.4045359874632226,595,1102
220,3807392,4906.432989690722,4652.0,1283.8297005522002,644.6237113402062,7.559214523345564,776,a,a,0.261662536357829,-2.6697757545867167,0.8804909116354313,455,876
221,4564321,5821.838010204082,5608.0,1412.33560370973,552.75,10.43474818284446,784,d,c,0.242592734671472,7.651987297813283,9.956245306024403,221,672
222,3906246,4982.456632653061,4793.0,1449.6850904465334,561.5637755102041,8.75963541666157,784,a,a,0.2909578943338648,1.7377360540494862,1.9888402387289592,437,847
223,5656109,7232.875959079284,6829.5,2077.852237733489,738.7161125319693,9.654168484465014,782,d,c,0.287278843089408,2.4478272204918663,0.314041579260368,102,370
224,5151315,6629.749034749035,6382.0,1768.4945662928783,478.66023166023166,13.7056810686892,777,d,c,0.2667513592179019,18.19612383691883,10.999195299592866,159,509
225,4064054,5197.0,4967.5,1470.3604120613545,556.3260869565217,9.245760229061812,782,d,a,0.2829248435754001,3.200630947589806,3.805136962694648,258,805
226,5667944,7257.290653008963,6992.0,1653.4176636714412,703.01152368758,10.268203013163864,781,a,a,0.2278285027740915,-6.619849067597801,-2.202028747262185,204,364
227,4623704,6020.447916666667,5776.0,1889.8865821107024,561.15625,10.585220860781462,768,a,a,0.3139112916962287,8.793072633686016,8.271496592649644,334,652
228,6190043,7946.139922978177,7832.0,1549.4387846037805,593.1168164313223,13.338794706729791,779,d,c,0.1949926378873854,5.610630861805949,8.302862709315018,68,267
229,6734738,8645.36328626444,8274.0,2234.164712299383,734.2516046213094,11.643446588113012,779,d,c,0.2584234621868319,5.357312161639983,6.011607009839383,42,190
230,5928326,7561.640306122449,7294.5,1662.8143749915623,940.2270408163264,7.97140560588819,784,d,c,0.2199012790446046,7.310649339701906,6.855646314660785,83,312
231,2967114,4770.279742765273,4720.0,1287.8093655023692,394.5016077170418,11.95699029538198,622,d,c,0.2699651666038021,-49.29951339966592,27.793351907691648,334,1051
232,2583221,3372.351174934726,3226.0,1068.586858990774,303.8355091383812,10.942537516078543,766,c,c,0.3168670175671895,17.261217206833475,10.89816904341651,145,1090
233,7365681,9431.08962868118,9109.0,1800.2762372530324,1031.6658130601793,9.086097041753032,781,a,a,0.190887406241815,1.8702856922322648,4.330197543800363,72,119
234,8625334,11072.315789473683,10247.0,3506.84744140227,1024.721437740693,10.611379238480652,779,d,a,0.3167221300476443,2.7096872937837446,0.7338432580636497,4,50
235,4635585,5935.44814340589,5555.0,1947.2437756960303,501.1293213828425,11.625798666968878,781,a,a,0.3280702195771623,-0.8284586628668492,-6.343277443877497,332,648
236,5581738,7119.563775510204,7069.0,1967.0679611400265,864.7882653061224,8.169664292152735,784,a,a,0.2762905176727716,1.9833413018041692,9.411900988586034,215,390
237,3556217,4535.991071428572,4462.0,759.0343304902016,574.7308673469388,7.906421418224162,784,a,a,0.1673359401589717,-1.2370473819261978,10.404112852139406,493,943
238,5868876,7661.718015665796,7498.0,1907.125965210027,1101.3577023498694,6.880407055695104,766,a,a,0.248916230186305,-0.7487455839713919,2.7705347304230368,177,319
239,3950473,5071.210526315789,4921.0,1385.3617150714522,472.0680359435173,10.609663172673493,779,d,c,0.2731816610417693,9.89027616948034,8.072995114482378,268,836
240,3772636,4812.035714285715,4688.5,989.7244059558052,459.7538265306122,10.407769758804456,784,a,a,0.205676862085118,-0.0291820230420144,8.188092374103174,460,886
241,5128334,6583.227214377407,6356.0,1458.1986769535968,704.7188703465982,9.270617430182602,779,d,c,0.2215021036747707,7.270867736588131,4.600148668679852,161,521
242,3196707,4093.0947503201023,3742.0,1446.175061657331,365.8463508322664,10.964595118182094,781,d,a,0.3533206900583555,-2.669413973948222,2.305664875528606,327,1020
243,4407146,7074.07062600321,6466.0,2092.9666797001664,953.4670947030496,7.302593278600976,623,a,a,0.2958645439595611,-52.363898404346045,17.71345788479863,368,712
244,4106186,5271.098844672657,5051.0,1700.8712493680057,540.3427471116817,9.57119787746283,779,d,a,0.3226786860745413,2.918723492112599,9.989385888102111,253,789
245,6949075,8897.663252240716,8688.0,1539.2126718800353,1020.7567221510884,8.695289735979319,781,a,c,0.1729906637557239,8.925280719909376,-0.1251913073875841,97,161
246,5551547,7081.054846938776,6868.0,1474.62138814249,937.2997448979592,7.50160927512729,784,c,a,0.2082488301555786,-0.0723144399806477,4.084338478382737,53,395
247,6698411,8576.710627400767,8187.0,2445.7676301667616,683.966709346991,12.373060186626637,781,d,c,0.2851638275346557,2.928851532753029,0.806211575024922,43,194
248,6555942,8362.170918367347,7810.0,2257.5775834868327,1112.5357142857142,7.437888661171539,784,a,c,0.2699750585733792,-2.7761012958982247,0.1689044280642312,127,213
249,4144086,5285.823979591837,5076.0,1274.3029215110605,537.734693877551,9.74780234249151,784,d,c,0.2410793334078181,3.25004629650253,6.622584177879912,249,780
250,6615557,8470.623559539052,8061.0,2481.2941312555445,657.9385403329065,12.67092520274623,781,d,a,0.2929293355813547,14.139372488426549,4.810355054821913,47,204
251,14896870,19123.06803594352,18566.0,3547.6416119632604,2450.4929396662387,7.77022868691361,779,a,c,0.1855163410648934,-1.0214309785821627,5.178504319351133,3,5
252,8269484,10615.512195121952,10052.0,2889.075660665812,809.630295250321,12.964411579138744,779,d,c,0.2721560304921888,-2.6549054581424847,-1.2410802098723177,7,67
253,4476698,5746.724005134788,5246.0,2048.8292536515537,690.7137355584082,8.160851106494343,779,a,c,0.3565212548611857,-2.51033309366752,0.6996850969758176,358,695
254,2341661,3005.9833119383825,3008.0,832.1419652702451,258.6739409499358,11.488081251538846,779,d,a,0.2768285379247982,11.05476120492666,5.487884002369602,347,1108
255,4885211,6271.130937098845,6151.0,1486.823229053465,640.3632862644416,9.706745569015393,779,c,c,0.2370901267995689,3.6528170512937455,2.897806643565973,83,581
256,7630314,9832.87886597938,9340.5,2835.2708700577346,1247.194587628866,7.794548517487129,776,a,c,0.2883459573439313,-3.590334255798767,-12.381484584927833,60,97
257,4183099,5335.585459183673,5411.5,1462.640295428539,632.0102040816327,8.419017934297866,784,a,a,0.2741292978282308,-9.485883618502507,-0.2423263327948303,398,764
258,3509384,5642.096463022508,5451.0,1235.110249019838,493.8858520900321,11.374099004370196,622,a,a,0.2189098072169757,-50.81460843923213,23.63450336507813,502,961
259,10851871,11643.638412017168,11448.5,2531.8045540351936,2372.296137339056,4.878948706012549,932,b,b,0.2174410149513204,19.81348157763952,9.163103600326474,5,21
260,5143038,6559.997448979592,6484.0,809.6121787265794,911.4489795918367,7.183939526233527,784,a,a,0.1234165386531536,0.6014695266422844,-3.282440910216548,267,513
261,9828244,12616.487804878048,11048.0,4872.376643918049,948.9345314505777,12.932609844366652,779,d,c,0.3861912062431661,1.217108529506007,-2.077943863970895,2,35
262,19516842,20718.51592356688,19415.5,4668.87758407417,3402.0106157112527,6.057073301644471,942,b,a,0.2253480703588146,-0.3294674479868948,1.44100215641107,1,1
263,2306075,3707.516077170418,3588.0,947.1854359858396,355.85530546623795,10.31191107745188,622,a,c,0.2554770947099258,-46.83442240513471,45.82318828580998,600,1111
264,5512491,7234.240157480315,6830.0,2294.064731471824,954.3753280839896,7.465028458202998,762,a,a,0.3171120506829906,-13.851888995865565,2.173838704382557,222,409
265,3859812,4954.829268292683,4759.0,1769.7565502528398,503.2554557124519,9.671066710069493,779,a,a,0.3571781093604979,2.32875133597762,5.1929969703762415,446,862
266,3424011,4389.757692307692,4336.5,1370.5308198351115,531.3884615384616,8.23556491309895,780,a,c,0.3122110412236955,-16.76561262538197,7.283588330827777,512,975
267,7282702,9289.160714285714,8949.0,2614.532793622447,1124.515306122449,8.229022985627932,784,c,a,0.2814606048963693,-1.677114705699394,3.884268631275874,20,128
268,3826840,4881.173469387755,4586.5,1449.4833405542377,598.0293367346939,8.031743144809637,784,a,a,0.2969538676805203,-1.4582275019870603,3.408211245446007,454,871
269,7281084,9346.706033376124,8588.0,3023.135608019445,1231.1001283697049,7.47079629174933,779,a,c,0.3234439595322822,0.0975735289992875,-3.3628382701298127,76,129
270,7284633,9291.623724489797,9074.5,1607.6120873028733,1205.0676020408164,7.671382079784751,784,a,a,0.1730173471258541,2.142013959331237,7.967974247949377,75,127
271,6116519,7841.691025641026,7372.0,3439.7833022279897,791.8602564102564,9.8572710776572,780,a,a,0.4386532561638134,6.8591110498469305,6.574471808461359,153,275
272,4871343,6237.314980793854,5749.0,2184.7477324638785,629.5608194622279,9.736090072202558,781,a,a,0.3502705473735454,2.124631075578137,-0.3693346554270323,308,586
273,5499466,7059.648267008986,6613.0,2005.5857812610143,703.6521181001284,9.891063376179432,779,a,c,0.2840914597166943,8.838782503405785,10.89072468173733,225,415
274,3794012,4070.8283261802576,3608.0,1400.059234795739,992.7414163090128,4.03534952819683,932,b,b,0.343924902406642,18.0255798502528,18.532735346627707,17,881
275,4630070,7443.842443729904,7193.5,1651.3297976903073,749.2974276527331,9.856090668226267,622,d,a,0.2218383597145121,-53.38483584643353,10.353605335555258,211,650
276,3191132,4091.194871794872,4072.5,1243.7417098398023,520.9487179487179,7.808187761289952,780,a,a,0.3040045142836604,4.325073922484444,-9.341592553233042,540,1022
277,4008491,6444.519292604502,6069.5,1628.8193768583208,535.2459807073955,11.90873744796175,622,d,c,0.2527448988673981,-53.69541681703356,17.9369192667065,264,820
278,5599459,7142.167091836735,6960.0,1804.305302863109,792.5994897959183,8.932139118271264,784,a,c,0.2526271479878106,2.416206227177077,1.3093982525230046,213,388
279,5532919,8881.08988764045,8351.0,3024.2352441308085,667.5329052969503,13.046943628464083,623,d,c,0.3405252375994468,-42.73673818712061,30.928691221053988,115,404
280,4869839,6267.489060489061,6085.0,1321.8785300247823,521.0592020592021,11.96912903649142,777,d,c,0.2109103848873147,-1.7449990304685123,3.49204672161922,182,587
281,4594724,5860.617346938776,5725.0,1269.336846402421,549.6543367346939,10.598082033229206,784,d,c,0.2165875659951496,2.9524102518271027,5.626560465496834,217,665
282,3456330,4408.584183673469,4279.0,1040.1899966711908,640.983418367347,6.827004072316496,784,a,a,0.2359464974091633,0.4164000338070343,3.2000051569318835,507,968
283,4425007,7114.1591639871385,6953.5,1328.4049503619594,718.3263665594856,9.851969015551855,622,a,a,0.1867269089348646,-50.30996186677103,27.46694543562656,366,708
284,3367042,5413.250803858521,5368.5,1425.6418815239786,449.9324758842444,11.888340380484332,622,d,a,0.2633615055315362,-51.71143514965464,27.977196491608908,317,984
285,4025996,5154.924455825864,5104.0,1143.6536315253604,470.2381562099872,10.87748560448684,781,a,a,0.2218565259928987,14.584275399570876,5.507072867639736,423,814
286,3838772,4927.820282413351,4544.0,2068.0247312343326,430.45571245186136,11.185418129526155,779,a,a,0.4196631802127204,0.4190123562527382,-9.161372415774665,452,869
287,5070793,8152.400321543409,8081.5,1419.8745217518433,818.9983922829582,9.903484493838375,622,c,a,0.1741664375827699,-50.995337544583386,23.49091865703544,76,536
288,3499206,5625.733118971061,5325.5,1612.52222279198,422.5176848874598,13.166136098637011,622,d,a,0.2866332598242605,-49.60537345409914,18.50658557916636,311,962
289,4936879,6321.227912932139,6135.0,1481.9287005892436,553.7093469910371,11.316960558319428,781,d,a,0.2344368405950802,1.4894379102823248,-6.866980748585068,176,565
290,5464029,7014.1578947368425,6628.0,2202.570623531489,682.7060333761233,10.13455862471166,779,a,a,0.3140178274549842,4.173932472932342,2.867907038228697,233,432
291,6257971,8023.039743589744,7777.5,2634.4454027239167,840.35,9.43031059624602,780,d,a,0.328360009038817,-0.2458340356383666,0.7319884979513991,59,254
292,4422953,5774.090078328982,5695.5,1961.2392876722795,706.5221932114882,8.111696977431299,766,a,a,0.3396620525601257,3.384193337995926,-2.778213076186759,367,709
293,4899830,6257.765006385696,5907.0,1663.783125883877,815.3754789272031,7.585029347544308,783,c,c,0.2658749767985982,2.444339409031273,3.5939941320275275,81,577
294,4506589,5770.280409731114,5702.0,1689.7125152197002,766.0243277848912,7.460094387490522,781,a,a,0.2928302257841986,12.234485399476258,0.1482210664805169,352,685
295,4106780,5285.4311454311455,5050.0,1322.4897201899505,670.980694980695,7.80189208164602,777,a,a,0.2502141611159086,9.776495082163889,8.771833870064407,412,788
296,5438463,6963.460947503201,6663.0,1888.210228428544,754.8079385403329,9.174010245017447,781,a,a,0.2711597354625181,3.8554201633266025,3.278478024049076,239,441
297,5432839,6992.070785070785,6532.0,1947.912020887247,719.9305019305019,9.599558256305274,777,a,a,0.2785887158131119,2.065715056511204,3.096446616499046,242,444
298,5223940,8398.617363344052,8218.0,1872.550068744673,691.2845659163987,12.089478979283616,622,d,a,0.2229593262478486,-52.15933812615112,22.7319161597461,155,496
299,5499540,6235.306122448979,5884.5,2175.5675433016518,682.8287981859411,9.118645664918166,882,d,c,0.3489111040545312,7.522596322903959,5.2461012558260185,119,414
300,5534680,7077.595907928388,6871.0,1540.296417216427,878.6918158567775,7.994660368096145,782,a,c,0.2176298897611507,15.630591200909738,4.791319546410338,220,402
301,4342138,5538.441326530612,5431.5,1169.6431452498284,596.1428571428571,9.237518875903074,784,a,c,0.2111863385907738,4.63460314463302,3.5169339712111958,379,724
302,2922724,3742.2842509603074,3727.0,1067.275924297453,323.3393085787452,11.451282742352497,781,d,c,0.2851937086349278,6.4847135346890505,6.528011150257463,337,1056
303,4740126,6180.086049543676,5861.0,1980.5818277460328,673.122555410691,9.044127181518832,767,a,a,0.3204780341031455,-0.7224225777595923,1.0503388144354546,323,620
304,5541079,7067.702806122449,6832.0,1800.914680241502,1055.938775510204,6.628934264626275,784,a,a,0.2548090560176704,2.9442770517826378,-2.9793886938780685,219,398
305,4176274,5347.341869398208,5081.0,1667.44723813074,507.4583866837388,10.366641667961163,781,c,c,0.3118273113737527,32.18053838278585,16.732828376593982,106,768
306,2717435,4368.86655948553,4338.5,1079.2248216471485,467.87942122186496,9.287226379432644,622,a,a,0.2470262725932824,-52.652858782728565,25.394275137851697,579,1081
307,2114322,2703.7365728900254,2602.5,1032.8286927144584,307.8056265984655,8.637510195972425,782,a,a,0.3820004889050516,-0.3613302585265202,1.1670326213198932,602,1115
308,7183229,9353.162760416666,8824.5,2668.792931535628,938.48046875,9.840783508353068,768,a,a,0.2853358804820732,-8.788358296166324,-2.250483140965408,82,138
309,5430658,6971.319640564827,6414.0,2015.6792496047765,591.0320924261874,11.615252399961932,779,d,a,0.2891388364802425,1.0054513802963572,-0.1206735689536828,126,445
310,7388018,8236.363433667782,8240.0,3142.9301571430588,699.670011148272,11.54041966370699,897,a,c,0.3815919710749653,2.073483230121058,11.84673454197048,68,115
311,5184737,6638.587708066581,6390.0,1455.385678570177,789.1587708066581,8.404061605173835,781,a,c,0.2192312194356837,5.899151932258542,4.925769613988273,262,502
312,4348731,5568.157490396927,5165.0,1585.1114235803673,538.6530089628682,10.185257072784712,781,d,a,0.2846743157524038,1.4966485979609314,1.84709931681346,233,719
313,5533037,7075.494884910486,6763.5,2233.6037971200294,707.0140664961637,9.841989729653678,782,d,c,0.3156816354829839,0.3882716161946296,1.3156334323761003,114,403
314,4002280,5137.715019255455,4914.0,1458.3692633893556,571.2580231065468,8.903737137338364,779,a,a,0.2838556163437611,4.046425759045529,-2.2306099074891934,425,824
315,3333890,4252.410714285715,4213.0,1172.210514958516,449.5727040816327,9.387387155404197,784,a,c,0.2756578782525747,1.2558730326849403,3.6829170130047952,524,994
316,7677532,9855.62516046213,9297.0,2508.247895868674,901.8382541720154,10.800835450045698,779,d,a,0.2544991164975538,2.8175892622038896,3.936826654175614,16,93
317,3346040,5379.485530546624,5325.0,1184.0273771763136,579.3183279742765,9.234269368258277,622,d,a,0.2201004855302588,-52.082404756798425,25.394512884912768,318,990
318,5871619,7527.716666666666,7325.0,2206.251962185219,658.7461538461539,11.297739241260407,780,d,c,0.2930838207493488,-1.2049919726744174,3.4085853872842966,85,318
319,6105068,7787.076530612245,7648.5,1804.899616333926,843.6849489795918,9.19213229614238,784,a,c,0.2317814149172127,1.198915172619606,1.1672967401873602,155,277
320,11630218,14834.461734693878,14064.0,3410.483506515552,2063.123724489796,7.127220380532041,784,a,c,0.2299027472320976,1.6182772346223382,3.294185442439751,10,16
321,4647488,5958.317948717949,5933.0,1456.706619761646,585.4641025641025,10.10389441856358,780,c,c,0.2444828611529677,0.0936812002406222,8.859697647562365,92,646
322,3926557,5021.1726342711,4850.5,2041.984202270708,547.8670076726343,9.025051602445531,782,a,a,0.4066747652398,2.9753868278138715,4.530163090963166,436,842
323,5737615,7365.359435173299,7160.0,1568.0301354252526,621.1424903722722,11.777069398565963,779,d,c,0.2128925477739917,7.089349163215237,5.407531670292354,92,340
324,4436629,5687.985897435898,5449.0,2381.8608217372653,721.7346153846154,7.691807296291229,780,a,a,0.41875294079245,-2.2047774041846826,-5.081289722836906,363,705
325,5051539,6484.645699614891,6279.0,1733.438564629074,673.0603337612323,9.60668650723173,779,a,c,0.2673143059661716,-1.1523576762036454,-1.764881896093572,286,543
326,3901936,5008.903722721438,4918.0,1254.671436511545,418.7419768934532,11.876690068521247,779,d,a,0.2504882317502115,13.758639470840604,8.680263049862278,276,849
327,6012573,7728.242930591259,7273.0,1990.712183500376,929.483290488432,8.21568977567689,778,c,c,0.2575892348855128,6.863776315759838,9.075543391450722,41,292
328,3452551,4432.029525032092,4363.0,1199.8653364462612,520.3992297817715,8.472266539359184,779,a,a,0.2707259348498074,5.741383416298851,-0.1619338213449177,508,969
329,5385006,6912.716302952504,6724.0,2038.3873673851492,620.5211810012837,11.014706197378342,779,a,a,0.2948750213450145,1.0623939159717397,5.180602255583144,247,456
330,3245811,4166.6379974326055,4061.0,1041.84388766572,447.5545571245186,9.226197082149868,779,a,c,0.2500442534983078,3.1521767221884813,2.0311319160111587,537,1014
331,4799307,6160.85622593068,5914.0,1711.889838721935,820.2053915275994,7.450562980593676,779,a,c,0.2778655719178596,-8.007637582136711,-12.388122199157186,317,607
332,2908282,3728.5666666666666,3776.0,1278.4365318719651,501.4974358974359,7.382038729313611,780,a,a,0.342876136103766,4.1713327139184,1.0279118303195738,563,1058
333,7662181,9773.190051020409,9454.5,2005.655421256434,1267.109693877551,7.663106046269987,784,a,c,0.2052201390524504,1.9036507835170016,6.410520073079977,59,95
334,4228712,5428.385109114249,5225.0,1196.6170236846076,562.1399229781772,9.589267599140207,779,d,c,0.2204370175718538,-1.1576760747146375,1.6349993597310657,246,757
335,12541731,13313.93949044586,12442.0,4762.3535996644505,2385.2823779193204,5.500065944989621,942,b,a,0.3576968036456779,4.775031321350335,5.061785655245005,4,11
336,10850316,13910.661538461538,13047.5,3276.0487990596966,1960.3115384615385,7.022094264900728,780,a,a,0.235506326568421,-1.2171745065081416,-1.573241904636692,14,22
337,3943779,5049.653008962868,4955.0,1152.6568278443465,383.9308578745199,13.069677488433776,781,d,c,0.2282645611091378,3.5470573972080777,9.271589665948127,269,839
338,5637222,7217.95390524968,6875.0,1782.652396599888,624.7311139564661,11.449830063666754,781,a,c,0.2469747548960308,-7.496985190839163,-1.1086649035578389,209,376
339,3881031,5133.638888888889,4996.5,1239.064259416141,679.3597883597884,7.472265657687992,756,a,c,0.2413617876586409,16.285912548543315,7.01016754245943,443,857
340,5084744,6485.642857142857,6175.5,1696.90446285771,715.0382653061224,8.98266875588157,784,a,c,0.2616401334817337,2.570937097243587,7.2377795829557074,277,530
341,4293485,5511.534017971759,5249.0,1298.0782502469442,750.1347881899871,7.279666376145887,779,a,a,0.2355203190281017,5.274458084356327,5.173216851639014,386,741
342,6895670,11104.1384863124,10835.0,2075.0251969283145,849.7342995169082,13.0045760277641,621,d,c,0.1868695351274761,-55.03213261941288,30.27878377305009,33,168
343,5608306,7199.365853658536,6781.0,2017.284911662765,702.1591784338896,10.119761876855144,779,d,a,0.2802031390914287,6.066109273605128,13.68978302370054,109,383
344,6649189,8481.108418367347,7882.0,2549.811279367318,1139.4107142857142,7.320625278291335,784,a,c,0.3006459950264577,2.218543059641348,12.07817899167803,118,198
345,2836062,4559.585209003216,4327.0,1170.5609257153033,494.3778135048232,9.155487361581017,622,a,a,0.2567253098821248,-50.40357136610874,15.081415133429132,569,1066
346,5320960,6830.500641848524,6623.0,1625.700501871799,619.6983311938383,10.949512634059234,779,a,c,0.2380060535989993,9.941820965653951,9.77863266763334,251,471
347,3732856,4804.190476190476,4660.0,1106.3809697703612,386.6846846846847,12.36390880261834,777,d,c,0.2302949841921495,11.83653146022507,9.319756395344635,296,898
348,5255376,8802.97487437186,8438.0,2314.294929601611,735.5577889447236,11.84663078081955,597,a,a,0.262899186085289,-47.720058751336936,21.60690674340826,255,484
349,5711451,8159.215714285714,7956.5,1474.6198144530686,829.59,9.798339666101423,700,c,c,0.1807305831945591,46.995238845150574,9.258703321644449,48,352
350,5477257,7013.133162612035,6831.0,1788.840037477047,529.4135723431498,13.126588221158633,781,d,a,0.2550700230552581,-1.147084254010952,1.987528874086257,123,425
351,4710510,6046.867779204108,5745.0,1558.4153004132202,518.8241335044929,11.52924453847199,779,a,a,0.2577227346979198,8.056607734398789,2.832455475399932,327,629
352,5246710,6692.232142857143,6455.0,1401.8338152783035,636.954081632653,10.440500185400673,784,d,c,0.2094717854004109,-2.996624915550452,4.592722290572527,149,487
353,5255773,5645.298603651987,5528.0,1451.2175047951466,1449.5273899033298,3.8560667453777744,931,b,b,0.2570665622286734,28.948976991440624,13.6096665002302,14,483
354,6536263,8390.581514762516,8264.0,2010.2717984945152,705.4518613607189,11.790616867525191,779,d,c,0.2395867074239863,3.5877607228461743,5.20476246447857,48,216
355,7172668,9148.811224489797,8940.5,2239.9104907258866,1101.6632653061224,8.240914948025194,784,a,c,0.2448307693495774,0.1466099376556808,5.429330494604475,86,142
356,4443882,5719.281853281854,5552.0,1283.2613590221788,435.8018018018018,13.03095303819472,777,d,c,0.2243745616918344,11.415853276303666,12.44321882123087,230,703
357,5986921,7795.470052083333,7376.0,2382.637271885033,1017.171875,7.541677597004156,768,a,a,0.3056438233956495,2.5982067119602954,5.04767568876091,166,296
358,8028461,10306.111681643131,9834.0,2598.2641311505,1122.591784338896,9.071530531430271,779,a,a,0.2521090602752183,1.905148507626067,2.5412438307159086,46,75
359,5337128,6851.255455712452,6757.0,1353.8417184696236,611.9499358151476,11.139428438758136,779,d,c,0.1976049101104258,0.7417275649332562,-0.1779210589272539,139,468
360,5437400,6935.459183673469,6681.5,1763.3025617453814,756.5408163265306,9.07225966674972,784,a,a,0.2542445301814063,-0.202752845562403,3.164513847481332,240,442
361,4888169,6266.883333333333,6169.5,1689.016077443632,637.8230769230769,9.722262739744568,780,c,c,0.269514523823958,3.158071406938644,0.0958130421001066,82,580
362,7323168,9376.65556978233,9042.0,2098.2413125221588,1150.618437900128,8.095912864546671,781,c,c,0.2237728896947067,1.5639665436615546,9.215508855048087,18,122
363,5593213,7134.2002551020405,6940.5,1449.7778724297425,937.0854591836736,7.561742714654289,784,a,a,0.2032151916948126,3.173320502115736,2.7360410470053385,214,389
364,3510451,4553.114137483787,4563.0,1455.766119521925,567.6264591439689,7.8878717836336945,771,a,c,0.319729766389391,18.94092051483421,8.22981249859205,501,960
365,3378609,5440.594202898551,5383.0,1372.918506461944,587.2061191626409,9.157852919103751,621,c,a,0.2523471619571448,-50.90247774550749,23.738228611621352,134,983
366,4833475,6196.76282051282,6004.5,2208.9989569223308,600.9282051282051,10.159399038029596,780,d,c,0.3564762797778861,3.438932583446842,1.449450473284216,185,592
367,4119323,5254.238520408163,5060.5,1508.3213900150272,542.7895408163265,9.527644504003211,784,d,c,0.287067552064206,3.989241243283067,6.092634347989478,251,783
368,7526231,9686.268983268985,9022.0,3155.4183800361925,712.8803088803089,13.316919457979788,777,d,c,0.3257620024269945,5.858036864625271,6.098777440149945,20,103
369,5354973,6856.559539052497,6806.0,1474.5955649276866,577.2855313700384,11.813352394474022,781,d,c,0.2150634814047658,-5.223421991717912,-4.451724219115238,137,465
370,5959072,7649.643132220795,7339.0,1835.779858796368,635.6328626444159,11.934289893317851,779,d,a,0.2399824184038002,1.9305696920219892,2.616038375462744,78,300
371,5380900,6889.756722151088,6609.0,1886.905540206792,544.4110115236875,12.4941597981639,781,d,c,0.2738711417981201,-1.6971039517117976,3.01963287616844,133,457
372,6844455,8786.206675224646,8347.0,2186.7548522202023,759.2991014120668,11.454825306398805,779,d,c,0.248884977676022,4.70756292487349,8.705675222872424,36,175
373,3520201,4530.5032175032175,4419.0,1067.007390288538,316.5444015444015,14.217049275322212,777,d,c,0.2355163078057741,8.531463124197764,4.901003975129957,309,957
374,5495584,7009.673469387755,7028.5,1790.9667938617429,829.7359693877551,8.427195581602714,784,a,a,0.2554993184323279,0.7593882985816116,4.552999336711856,227,417
375,7148220,9164.384615384615,8849.0,3642.623206729893,758.975641025641,11.855004625164304,780,a,c,0.3974760291722019,1.790732596019441,4.667487114595229,88,147
376,6548133,8460.12015503876,7998.5,2340.734458057529,949.9612403100776,8.795346788008914,774,a,a,0.2766786304640616,-1.0667580517353852,4.58845120144013,129,215
377,6129725,7818.526785714285,7425.0,2148.5883409337143,969.4145408163264,7.977143572911041,784,a,c,0.2748073134263009,10.266176121186811,11.24502376833017,152,274
378,4927020,6324.801026957638,5994.0,1814.698329175276,970.1566110397946,6.465398266805972,779,a,c,0.2869178526629767,27.949712594308828,4.417118823089528,298,569
379,3059341,3902.220663265306,3733.0,1003.2184471242488,467.5395408163265,8.26199444629094,784,d,a,0.2570891125067167,0.8530592558645679,6.341454035033746,331,1037
380,11261676,14456.580231065467,14049.0,3410.085282225482,1380.4557124518617,10.38101232967704,779,a,a,0.2358846440666247,-1.4432485433786,-1.0992716988934932,11,18
381,7021213,9001.555128205127,9003.0,2489.584624047674,965.1910256410256,9.3123227135137,780,a,a,0.2765727242226073,4.392698992467617,1.8705616221699928,95,157
382,6228961,7985.847435897436,7578.5,2457.927663506524,651.2410256410257,12.065727615035453,780,c,c,0.3077854521059112,3.562462314312339,2.0701098571318277,38,260
383,13489879,17294.716666666667,17039.5,2785.8133541459256,2205.447435897436,7.810876212684512,780,a,c,0.1610788663288841,-0.2340223961087146,-1.262341454210205,6,9
384,6937572,8871.575447570332,8468.0,2967.1936449822065,998.8554987212276,8.76000302870152,782,a,c,0.3344607350202759,9.727745852673216,9.745622161227104,98,162
385,4570779,7348.519292604502,7265.5,2045.162687294484,654.5530546623794,11.07742976106843,622,d,a,0.2783094941796943,-50.231232164993536,20.88889709207357,220,670
386,6255013,8029.541720154044,7388.0,2479.453530314662,645.3966623876765,12.240328596079024,779,d,c,0.3087914126021995,-11.990783147825397,-13.229574172290626,61,256
387,7171744,9362.590078328982,8825.5,2800.568146673611,1195.8015665796345,7.697950568338018,766,c,a,0.2991232258641672,-3.212936203313612,6.18899717874704,21,144
388,7990920,10257.920410783056,9541.0,2507.249138088204,1096.4454428754814,9.269990199428682,779,a,a,0.2444208024320992,4.943859131756403,3.129422206839959,48,78
389,8104523,10337.401785714286,10176.0,2327.8032920732044,1265.4107142857142,8.103392787502811,784,a,c,0.225182627155897,7.1715981435734895,9.723523833078994,45,73
390,9023552,11568.65641025641,11037.5,2693.733077360137,1067.3897435897436,10.735095914693328,780,a,c,0.2328475305889418,1.917773515148732,5.475710660996395,25,42
391,4392619,5719.555989583333,5583.0,1984.0499503455133,690.5260416666666,8.176046091872825,768,a,a,0.3468888063966746,11.410195212973695,-6.884644222447821,369,713
392,5670675,7279.428754813864,6902.0,2305.292285221812,718.0821566110397,9.995641914625107,779,a,a,0.3166858778166253,6.3343397241996255,3.876613940212479,201,361
393,4598489,5903.06675224647,5693.0,1529.7623916716148,587.2567394094993,9.957435812231896,779,d,c,0.2591470596346295,-1.3641274308524374,2.4063489931825544,215,662
394,6523885,8353.245838668374,8200.0,1982.5079282665445,661.8719590268886,12.51933570105406,781,d,a,0.2373338420245254,3.766116272531725,7.106363796609887,49,218
395,3107536,3989.1347881899874,3906.0,1018.1435818557652,519.6546854942234,7.623101882737568,779,a,a,0.255229175226173,1.6986772471208968,3.818417905849039,547,1033
396,7973232,10222.092307692308,9842.5,3455.9006727650267,1077.9089743589743,9.444864061086689,780,a,c,0.3380815364154361,2.5350038884063597,4.196646526301822,49,81
397,4342834,5574.883183568678,5116.0,1692.9329610938444,750.2156611039794,7.314520265371276,779,a,c,0.3036714681454793,13.277956823729154,8.158476022413598,377,722
398,4309274,5496.522959183673,5353.5,1497.7119567776556,614.6160714285714,8.829571667135468,784,c,c,0.2724835260217108,6.783985680399174,4.253439725410853,99,730
399,3457604,5558.84887459807,5307.0,1253.0965907268123,564.9823151125402,9.754580501669018,622,a,a,0.2254237557083105,-51.06552949274759,31.857090771002834,506,967
400,6839152,8745.718670076727,8094.5,2797.006229254482,1200.6496163682864,7.146458072700926,782,a,a,0.3198143382800974,6.7527700863765805,4.370586946741014,105,177
401,5480695,7026.532051282052,6825.0,2550.69735341177,646.8448717948718,10.822328867784682,780,a,c,0.3630094241079243,10.030353910461006,8.89182896902539,229,424
402,4569233,5857.991025641026,5687.0,1617.1332123916875,615.4269230769231,9.438989527141668,780,c,c,0.2760559388557152,2.996868183145444,3.765399437643048,94,671
403,5817980,7468.523748395379,7378.0,1821.0123650921,736.6867779204108,10.0748678153666,779,a,a,0.2438249413725632,-0.6825174526988222,4.086147337855766,184,329
404,3631985,4785.223978919631,4674.0,1441.3611219275333,571.3109354413702,8.340193339478308,759,a,c,0.3012107956236046,16.733585271517388,5.72365020052545,483,927
405,3521625,4520.699614890886,3942.0,1662.6749407193208,487.70346598202826,9.045639082672176,779,a,a,0.3677915106862175,0.2492461867542403,3.181045717160048,500,956
406,4760515,6111.059050064185,5941.0,1739.1445209898654,474.06418485237486,12.737388661519072,779,d,c,0.2845897096955067,29.24129931914838,15.741540538111822,195,615
407,2417555,3886.744372990354,3805.0,921.728707677073,314.65434083601286,12.266119326667072,622,a,a,0.2371467272410097,-49.5720403252172,29.93180288376377,596,1103
408,3673481,4727.774774774774,4669.0,1101.106763731867,465.0617760617761,10.072373145794138,777,c,a,0.2329016960805461,2.130996163092452,7.761232396305749,125,916
409,4316867,5527.358514724712,5359.0,1250.022372936128,543.6760563380282,10.082372243717488,781,d,c,0.2261518534768655,8.957132032825202,8.983302191164375,235,729
410,5019781,6443.878048780488,5954.0,1959.0628371141493,802.2079589216945,7.891757068447364,779,c,a,0.304019229148029,3.2810825826421683,6.004123458989941,78,552
411,7133158,9133.364916773367,8794.0,2312.21442283752,700.8476312419974,12.895266473911043,781,d,c,0.2531612876423181,5.0684988746331125,6.406493040825809,29,148
412,5661520,9102.122186495177,8715.5,2140.593471485697,644.7154340836013,14.066131420634692,622,d,c,0.2351752072348245,-47.97878011478664,20.986605474588934,99,366
413,4390211,7058.217041800644,6959.0,1687.9085218873183,890.0192926045016,7.893613079483768,622,a,c,0.2391409207015134,-49.76834619872263,20.40599097054678,370,714
414,5020250,6427.97695262484,6273.0,1418.2439464971562,484.1408450704225,13.22439389144284,781,d,c,0.2206361281239537,4.999004556501749,8.10154471698504,169,551
415,4863171,6234.834615384615,6070.0,1411.533816311076,521.2807692307692,11.876734877406337,780,d,c,0.2263947487601483,5.26400108719491,6.785242699655047,183,588
416,8633413,11012.00637755102,10534.0,2339.852774774966,1398.3890306122448,7.813338120825525,784,a,c,0.2124819669143099,4.086095817445528,5.8150828745013134,30,48
417,5946326,7633.281129653402,7245.0,2074.7648838309738,804.002567394095,9.390334975684882,779,a,c,0.2718051187412746,-5.438325712829585,-6.518858243086383,171,304
418,4094061,5275.851804123711,5122.5,1839.6270365195005,551.5528350515464,9.434496604180673,776,a,a,0.3486881559261409,3.677160530526468,2.659108538955662,414,793
419,4163948,5311.158163265306,5063.5,1317.934266577376,852.0612244897959,6.165344903309707,784,c,a,0.2481444208709289,0.2154692027639497,5.561626826021894,107,773
420,2824092,4540.3408360128615,4384.5,1070.646193533363,403.1897106109325,11.16447905648536,622,d,c,0.2358074497494245,-47.95184020771745,32.214557360496094,340,1068
421,7517189,9588.251275510203,9040.0,2796.3908123417923,1014.390306122449,9.361899384116771,784,c,c,0.2916476354227578,-1.0674405987300453,8.572236037445279,13,105
422,3574303,4559.059948979592,4435.0,903.0074514912832,464.5229591836735,9.76652097835668,784,a,c,0.198068782072803,3.971179809132656,1.1058357407332058,491,940
423,10200356,10828.4033970276,10484.0,2167.683087739674,1886.130573248408,5.744311726368065,942,b,a,0.2001849218449604,-1.4314301993145115,5.59037343808322,7,26
424,5395164,6925.756097560976,6587.0,1622.7863639766815,773.421052631579,8.870899551687181,779,d,c,0.2343117980357659,13.004635871770097,10.210723246508351,130,452
425,2512424,3237.659793814433,3153.0,897.1854011910855,434.3814432989691,7.385286758719942,776,d,c,0.277109226517611,6.296750677009373,4.790699738208279,344,1097
426,3948281,5068.396662387677,4645.0,1460.5976997986904,633.839537869063,7.881053835151487,779,a,a,0.2881774646088208,1.3836367386659334,2.642708175704197,434,837
427,4761741,7643.243980738363,6853.0,2386.4869190875047,771.0930979133226,9.734911171769252,623,a,c,0.3122348213797255,-53.38872684474465,21.096415269890848,321,614
428,3910828,6287.5048231511255,6074.0,1348.4433570210697,526.5755627009646,11.877254695602751,622,d,a,0.2144639876944487,-49.24009619523435,15.47301630159641,274,845
429,3309752,5321.144694533762,5139.5,1330.2436974666502,429.4260450160772,12.284688715437062,622,d,c,0.249992017475707,-52.31790577496134,19.50185513959909,322,1002
430,5369397,8632.471061093247,8408.0,1845.1636932036,699.9131832797427,12.265896841222096,622,d,c,0.2137468727256783,-51.55619015100957,23.625207440298844,134,458
431,7419918,9524.926829268292,9259.0,1992.212128662588,1002.454428754814,9.438294902082532,779,d,c,0.2091577357361841,5.940811282524087,5.36882450754439,22,112
432,8610571,10982.871173469388,11065.0,2423.3389439527023,1554.7283163265306,7.049342228874438,784,a,a,0.2206471245703587,2.09010136780842,9.529948364057782,33,52
433,4621066,5360.865429234339,5407.0,1854.6819996562128,615.7331786542924,8.542808506141574,862,a,c,0.3459669010794598,-0.31781232674543,3.721933552202223,335,653
434,6160800,9904.823151125402,9849.5,2056.4024386311366,741.6591639871383,13.306806265020276,622,a,a,0.2076162700994298,-50.07967796533904,26.842815769384643,149,270
435,2553322,3277.6919127086007,3146.0,893.4260075262135,384.1630295250321,8.490580651397437,779,a,a,0.2725777868451062,-4.376238595114295,-3.563965517241379,589,1093
436,4297398,5509.484615384616,5311.5,1524.180088861005,616.7410256410257,8.834633755661063,780,d,a,0.2766465822601453,3.248097111418797,-1.2161748500061222,240,739
437,5746040,7366.717948717948,7019.0,2410.913647051956,726.9448717948718,10.124271176146816,780,c,c,0.3272710675004917,5.086378630547901,2.633012876685265,46,336
438,4019904,5153.723076923077,4762.0,1724.7265914876534,524.3269230769231,9.62801555869139,780,d,c,0.3346564349199308,13.015170906534198,12.199937986717517,262,816
439,5719235,7294.942602040816,6912.5,1964.4930446879143,885.1364795918367,8.13445440945094,784,a,a,0.2692952024239823,-0.6132017023117285,3.702831171411996,192,347
440,4006273,5156.078507078507,5002.0,1344.907032299902,588.9626769626769,8.673896630755458,777,d,a,0.2608391300585417,3.9405183576068232,7.980267663814609,265,821
441,4929786,6328.351732991014,6259.0,1527.8583712514182,699.6534017971759,8.959235604218783,779,d,a,0.2414306972361183,9.489353904130612,9.202987480756384,177,567
442,3402587,4379.133848133848,4386.0,1280.7445694457117,461.33590733590734,9.347213452914463,777,c,a,0.2924652714124041,6.384603111288392,8.424345477001125,133,979
443,4095855,5251.096153846154,5021.0,1516.3227501608217,488.8551282051282,10.604401696893524,780,d,a,0.2887630897884424,1.9079618945219372,5.962041921662904,254,792
444,9470625,12188.706563706564,11686.0,3275.1254727472333,1423.1209781209782,8.558763466422102,777,c,a,0.2687016424285198,1.5493062878562711,-0.5822494135215249,4,37
445,6673717,8600.150773195875,8420.5,2038.3026421778195,1356.8659793814434,6.375164536504284,776,a,a,0.237007779971789,0.930469084464418,2.90850277897709,115,195
446,3842157,4932.165596919127,4743.0,1673.1142758333713,635.0564826700898,7.704814388803648,779,a,a,0.3392250813473255,4.226430102662473,-3.1407719400167027,450,867
447,4161176,5307.622448979592,5108.5,927.5602545687004,619.391581632653,8.528819404985736,784,a,c,0.1747600292758251,2.371126792147241,3.734244277885759,406,775
448,6609087,8484.065468549423,8245.0,2272.5044324382056,741.9216944801027,11.370496891624262,779,a,c,0.2678555983404912,2.912995794774789,4.464706667259708,123,207
449,8789176,11253.74647887324,10697.0,2886.890644728164,1534.93085787452,7.258361227928296,781,a,c,0.2565270730194384,-2.3523620050578167,-2.8316491813900173,27,45
450,6830229,8790.513513513513,8709.0,2158.5132065905705,1089.900900900901,8.0681854727928,777,c,a,0.2455502972917706,-2.436145328398661,4.8950755493947655,25,180
451,4248112,5439.323943661972,5254.0,1138.386455404772,458.663252240717,11.77814276441394,781,a,a,0.2092882253742667,2.626051269547347,5.156126582923536,392,751
452,4037476,5149.841836734694,5024.0,1698.7597332766015,478.3252551020408,10.630011962114889,784,a,c,0.3298663895188121,-11.895862619602289,-1.4487531232867263,422,810
453,6896821,7775.446448703495,7259.0,2834.776563707814,914.5749718151072,8.502596146728365,887,a,c,0.3645805526936006,1.7547591154122084,4.164639382036797,102,167
454,4519416,5794.123076923077,5863.5,2253.153641043398,706.5833333333334,8.14268673165178,780,a,a,0.3888687919000708,-0.2986856459362971,3.8776757419631616,349,682
455,5727571,7371.391248391248,7130.0,1866.6391269424803,463.23423423423424,15.758625733579814,777,d,c,0.2532275202933857,16.138667718210847,10.664764115325411,95,343
456,4822447,6190.5609756097565,5833.0,1651.379527632854,895.3196405648267,6.836953791333364,779,a,c,0.2667576547810672,-4.437157756280493,-0.7962988182244618,314,599
457,3010824,4840.55305466238,4647.5,1272.3025785747593,432.6897106109325,11.07665047822499,622,d,c,0.2628423992480133,-46.27018590636353,32.341863283595366,333,1045
458,5921634,7582.117797695262,7427.0,1863.491263373675,702.6722151088348,10.715546742581076,781,c,a,0.2457745069510949,-0.5444653218880378,1.779493121868294,43,314
459,7194572,9176.75,8620.5,2907.583409995176,1130.2015306122448,8.007134989728979,784,a,a,0.3168423908241127,2.172311781902385,3.5033692202408733,80,136
460,2914087,3736.0089743589742,3578.5,1519.8321401372154,345.28076923076924,10.62634772681232,780,a,a,0.4068063408220235,1.9374877278163547,1.7117460277813337,562,1057
461,3759643,4838.66537966538,4739.0,1255.139880588496,476.5289575289575,10.056083437179357,777,d,c,0.2593979500759145,-5.6965219724318565,5.519658015823602,292,891
462,3769419,4832.588461538461,4764.0,1633.8885623780386,606.2153846153847,7.885875311436067,780,a,a,0.3380980142178065,-2.370376501008181,-1.1926106538092531,461,887
463,4747749,6094.671373555841,5939.0,1704.5305522148824,969.4274711168164,6.2546535977298925,779,a,a,0.2796755473331453,3.416860554216532,2.8626855600539813,322,619
464,8343864,10642.683673469388,10254.0,2456.565886242332,1305.593112244898,8.140413272171315,784,c,a,0.2308220333905236,-2.423934160037888,0.3557161508717523,8,61
465,6062752,7762.806658130602,7519.0,2044.8675751134824,604.6875800256082,12.691800286550816,781,d,c,0.2634185888130719,4.131469461739902,7.3997809287747875,73,283
466,6007933,7712.365853658536,7421.0,2532.4959468348297,755.7637997432606,10.09975939939356,779,a,c,0.3283682328987911,3.8411241122266016,2.001050756291515,164,294
467,10501035,13480.147625160462,13007.0,2912.616485092536,1613.6508344030808,8.308467502960395,779,a,c,0.2160671059459458,0.7893491147504921,-0.9718509802918494,16,25
468,5229014,6669.660714285715,6223.5,2363.229766535208,754.5841836734694,8.781092173895695,784,c,c,0.3543253349414637,-6.308948926388812,-10.988797889598604,70,493
469,9330742,11901.456632653062,11597.0,3046.297795883971,1520.6301020408164,7.749472409214668,784,c,c,0.2559600803422743,-5.200256158959325,0.7540372275082975,5,38
470,10174712,13111.742268041236,12840.0,3140.994099562834,1774.9703608247423,7.334888735134406,776,a,c,0.2395558145784135,-0.1318395975532435,-0.9996188271301428,19,30
471,4422266,7109.752411575562,7004.0,1495.5631158895676,590.2041800643087,11.971768499211372,622,d,a,0.2103537548585524,-50.6348205653027,19.523658170857303,231,710
472,4080447,5204.651785714285,5051.0,1085.806525539231,692.9515306122449,7.455828758012778,784,c,c,0.2086223190799334,0.4260364837168384,4.215590372949712,112,802
473,2767243,3552.3016688061616,3377.0,1117.245166050876,486.5186136071887,7.209353585253672,779,a,a,0.3145130313288831,-1.422971604163383,1.230529286200493,575,1076
474,5885972,7526.818414322251,7311.5,2187.543246388635,736.806905370844,10.09071132082792,782,c,a,0.2906331900110827,2.5336605336685665,3.495313852456435,44,317
475,5023680,6473.81443298969,6386.0,1519.948242445776,981.9342783505156,6.535095562804342,776,a,a,0.2347840300612145,-0.2602264706784914,0.0573505820502519,291,550
476,4564251,5851.603846153847,5733.5,2142.501246200886,649.7987179487179,8.891745754558432,780,d,a,0.3661391479208069,0.8170645300852918,2.1597337639784704,222,673
477,3864914,6213.688102893891,5949.5,1457.2855236399507,449.887459807074,13.695931455497076,622,d,a,0.2345282704101693,-49.902899244133,18.88895987387292,281,861
478,5336648,6806.948979591837,6475.0,1890.3643833567053,699.3928571428571,9.61466016142319,784,d,c,0.277710966987453,-0.1596058395932187,4.15266336052024,140,469
479,8782548,11230.87979539642,11014.5,3030.063758388354,1328.8286445012789,8.36497569837525,782,a,a,0.269797541563074,2.411084686027446,3.081002401335092,28,46
480,3869738,4935.890306122449,4871.5,1551.3378639189193,623.4604591836735,7.827760725289376,784,a,a,0.3142974757754744,0.9115769060929708,1.7033896228033627,444,859
481,4026351,5155.379001280409,4838.0,1586.5451918925794,476.7144686299616,10.647666323041667,781,c,c,0.3077455976560674,28.20357863211295,10.441376628426989,114,813
482,6517671,8334.617647058823,8038.0,2369.804818804122,920.9066496163684,8.972593498644745,782,c,a,0.2843327575609176,-5.300904603545105,0.6307063781303069,28,221
483,3859771,4948.424358974359,4859.5,2006.6776284867071,650.0179487179487,7.504994745835399,780,a,c,0.4055185010249653,3.524459269069673,2.7309521650606285,447,863
484,6050653,7717.669642857143,7547.0,1942.7313333974848,739.8635204081633,10.371799706518956,784,a,c,0.2517251221287401,0.2929262308526635,7.2803408813842685,158,286
485,3029769,4871.011254019292,4734.0,1101.7745932365142,420.9871382636656,11.501728177206054,622,d,c,0.2261901144916037,-45.73716235194381,25.18376961864848,332,1041
486,3323793,4266.7432605905005,4045.0,1352.170714422194,520.0231065468549,8.084396636450467,779,a,a,0.3169093221313389,8.59886336863518,3.793448222819831,526,998
487,5487451,6999.29974489796,6878.5,1711.5655066265374,676.7742346938776,10.246568452483809,784,d,c,0.244533820383126,7.554596761505405,6.125611752280875,121,421
488,2890074,3686.31887755102,3519.5,884.581291720022,388.0012755102041,9.414227778920642,784,a,c,0.2399633132952641,-0.0813541904544416,2.009095239068343,565,1060
489,5698967,7306.367948717949,6730.0,3074.119183030255,649.6294871794872,10.964648432244823,780,a,a,0.4207451916748419,2.133509752321697,2.9180220874366487,198,356
490,5131331,8249.728295819936,8176.5,1291.7304606855073,1063.720257234727,7.725302776026085,622,a,a,0.1565785459067804,-51.42773773175363,23.45336176956113,272,518
491,5242001,6746.462033462033,6547.0,1714.5048461394174,527.2921492921492,12.651611517813066,777,d,c,0.2541339205105698,10.881741619955216,6.091324556708156,150,488
492,4825503,7859.125407166124,7423.0,2057.752946734346,1156.2475570032573,6.725946402332186,614,a,a,0.2618297635075324,-52.80605462481683,27.99258701506116,312,596
493,6462326,8295.668806161746,7900.0,2191.062710237971,808.2618741976894,10.140490276919389,779,d,c,0.2641212856292578,14.749003210038987,9.2708555462603,52,229
494,7205637,7649.296178343949,7565.0,1689.5406271161803,1079.6061571125265,7.032070311093906,942,b,a,0.2208753050900901,2.47185325927665,3.0683686810220823,10,135
495,4005216,5154.718146718146,4886.0,1500.6042894783025,394.9034749034749,12.849742065062838,777,d,a,0.2911127721762425,5.274619734527083,6.950783100690466,266,823
496,6059458,7728.900510204082,7348.0,1922.8088709825656,830.2525510204082,9.208377600555783,784,d,c,0.248781682264376,1.7405202870006855,9.412209024431576,74,284
497,7077518,9062.122919334188,8784.0,1933.783261593756,1116.3572343149808,8.070402558839255,781,a,c,0.2133918595904275,3.776535581680177,0.3524713526692996,89,149
498,4351844,6996.5337620578775,6886.5,958.625506220823,884.5675241157556,7.890685876255088,622,a,a,0.1370143472213967,-50.24695157133515,19.579335565125287,374,718
499,4006203,5155.988416988417,4996.0,1218.2037218196954,737.6782496782497,6.929005683408421,777,c,c,0.2362696777606884,11.20041126853116,17.290015194120357,117,822
500,3330211,5354.036977491962,5242.0,1144.496110284587,395.55627009646304,13.478638977925018,622,d,c,0.2137632061743274,-45.67433837276826,36.20764941807783,319,995
501,3345228,5378.180064308682,5196.5,1415.517130561378,587.8102893890675,9.076614863591772,622,a,c,0.2631963068613491,-55.93476740118922,15.615660905284464,521,991
502,8377408,10823.524547803618,10291.0,2611.761118680748,1519.653746770026,7.056821757233354,774,a,a,0.2413041248389596,-0.665263496134181,-2.5182497723781863,37,57
503,5224595,6698.198717948718,6390.0,1976.657317728935,470.5910256410256,14.045945338800047,780,d,c,0.2951028180803621,9.131962681029837,3.889425816117664,154,495
504,5231756,6673.158163265306,6279.0,1463.8949316346402,953.405612244898,6.941089357847719,784,c,c,0.2193706331873195,0.5403152121974284,5.210316594216089,69,491
505,3711170,4776.280566280566,4545.0,1241.148499985467,594.6113256113256,7.946545044809003,777,a,a,0.2598566986930558,1.9490176007279136,4.5176834006512,468,904
506,5905867,7581.344030808729,7019.0,2180.0426919122665,841.7021822849807,8.894762921554442,779,a,a,0.2875535898454292,0.177898207703747,-4.786227520162481,176,315
507,6587045,8455.770218228497,8103.0,2124.40784063549,663.777920410783,12.61218148277046,779,a,c,0.2512376502445402,2.9232277436433427,5.361729481771911,124,210
508,5251735,6767.6997422680415,6332.0,2022.2787960822336,662.5128865979382,10.07514914116804,776,a,c,0.2988133151729502,14.931971329241597,9.675355016963614,256,485
509,4783674,6125.062740076824,5748.0,1845.0201944297269,518.3124199743918,11.651911768353951,781,a,a,0.3012247013173592,0.6354407583091441,-1.106257052821831,318,610
510,6385260,8196.739409499358,8058.0,2312.610436493148,842.2002567394095,9.681945297902535,779,a,c,0.2821378503033803,0.0356241015807337,0.6986518087609145,138,237
511,4439259,5662.320153061224,5524.5,830.4412625072061,810.5982142857143,6.965514188054615,784,a,a,0.1466609517051493,4.104309838819182,1.571945111731149,362,704
512,4105679,5510.978523489933,5325.0,1153.861374740825,1287.971812080537,4.273134844953252,745,b,b,0.2093750447080531,-42.63471728929858,33.83261392126961,16,790
513,14252406,18179.089285714286,17787.0,3284.6005835253422,2096.3354591836733,8.632211739885157,784,a,a,0.1806801502485873,-8.011111113023746,0.4170382025267894,4,6
514,3580238,5756.009646302251,5351.0,1473.6208618064693,603.9662379421222,9.418637629542678,622,c,c,0.2560143141443736,-47.82630232588006,27.982333683799663,128,938
515,7056301,9058.152759948653,8964.0,2022.9695170382008,738.3080872913993,12.200829158243476,779,d,c,0.2233313536047793,4.154802536172687,3.932792852988534,30,153
516,4579807,5879.084724005134,5451.0,1814.265657107769,760.5481386392811,7.604629737008973,779,a,c,0.3085966170380001,9.948284007491806,5.609243779807741,342,668
517,4525491,5962.438735177866,5658.0,2106.58609104222,650.9222661396575,9.02692158661192,759,a,c,0.3533094736241978,10.107387653517216,3.546484406115157,348,679
518,3653972,5865.123595505618,5793.0,1726.965170503931,504.3097913322632,11.467022405285714,623,d,c,0.2944465095036166,-47.5111424379672,21.4724154649288,301,921
519,4160155,5306.320153061224,5115.5,1479.6782453059343,559.0765306122449,9.386178893609074,784,c,c,0.2788520486183454,-1.2987767780740067,9.45036873761864,108,776
520,3033870,3869.732142857143,3720.0,964.7074475978868,413.0573979591837,9.29714799566659,784,a,c,0.2492956649153534,4.330299373020265,4.390147090682944,551,1040
521,4036010,5181.014120667523,5052.0,1309.835272343201,426.4929396662388,12.051543119587908,779,d,a,0.2528144571384495,3.1886182849240536,1.2056319028749685,260,811
522,5122860,8222.889245585875,8078.0,1767.7059539990742,633.0224719101124,12.90474701537497,623,d,c,0.2149738250394161,-50.24841348583837,27.349919227797677,163,525
523,12175995,15530.605867346938,14973.0,3364.344257053003,1782.9119897959183,8.662299527519064,784,c,c,0.2166267231162262,-23.133906543198247,2.3741047764055714,1,13
524,6793232,7710.819523269012,7681.0,2810.6333717412667,818.5017026106697,9.30716644614138,881,a,c,0.3645051428398229,5.367072081492093,3.816303270230717,108,184
525,8012460,10233.026819923372,10108.0,1702.5469909265405,875.5670498084291,11.641672659121484,783,d,c,0.1663776535415441,-4.745294546339804,1.382699403712325,12,76
526,8312841,10630.231457800512,9986.0,3231.687742246788,1456.700767263427,7.184329269432345,782,a,a,0.3040091605790352,5.908424528292794,0.8496472382889468,42,64
527,8383796,10734.693982074265,10481.0,2181.8316822262677,1000.4903969270166,10.67061607450268,781,d,c,0.2032504779241664,4.793164114769648,2.504692121458992,5,56
528,8338762,10704.444159178434,10083.0,2894.935238279352,955.4492939666238,11.056904673978837,779,a,c,0.2704423690974289,1.633720752016385,2.6608389218418917,40,62
529,6133846,7823.783163265306,7531.5,1891.3823595616489,761.1926020408164,10.179969810504709,784,d,c,0.2417477989985944,6.43416178022032,5.15496546914852,69,273
530,4198697,4634.323399558499,4425.0,1869.544325444018,750.8057395143488,6.3881969873394695,906,a,c,0.403412572722509,7.92425913547594,5.208481476949129,396,761
531,3843117,4901.934948979592,4744.5,933.2027287399624,600.6071428571429,8.129781600923932,784,a,c,0.1903743600135333,7.312296142602213,7.330046117839771,449,866
532,8487100,10894.865211810013,10740.0,1930.28630708247,1278.9075738125805,8.486196114766235,779,a,c,0.1771739502559466,2.3625997406057038,7.321453947881573,35,54
533,7505547,9659.648648648648,9169.0,2597.9518268613256,902.2316602316604,10.621524078462407,777,a,c,0.2689488946603425,7.654746682837758,18.523828243848463,64,106
534,4684684,7519.556982343499,7253.0,2268.565810280619,568.6966292134831,13.034836225225629,623,d,a,0.3016887584743871,-51.19573634177305,22.52206139966716,205,635
535,6322186,8115.771501925546,7826.0,2285.715716334017,922.6136071887034,8.708892375305595,779,a,a,0.2816387469498998,3.4146064403180985,1.518935814697804,142,244
536,6484095,8323.613607188703,7946.0,2456.01796409734,883.0346598202824,9.349456911567769,779,a,c,0.2950663113405692,5.660672246765968,-1.8108946071330885,133,226
537,4335799,5580.178893178893,5307.0,1344.0663653638464,604.2329472329473,9.151749226943704,777,a,a,0.2408643864458912,15.311823902521986,6.868860665393711,380,725
538,3025475,3859.0242346938776,3765.0,1084.112573586739,567.9247448979592,6.741668208536924,784,a,a,0.2809291954790581,-1.7527888771134876,5.29529039967814,553,1043
539,7035419,11310.963022508038,11209.5,1713.7720477008315,1142.279742765273,9.862934881513931,622,a,a,0.1515142472210848,-51.5585422803066,21.52346482557256,93,155
540,3513672,5648.990353697749,5314.0,1830.1641681429744,391.3118971061093,14.196746745458174,622,d,c,0.3239807564806647,-39.53497329139134,41.55248232946471,310,958
541,5235513,6720.812580231065,6259.0,1987.175192335676,857.0834403080873,7.729048403889244,779,a,c,0.2956748411912055,7.5137644168507265,5.423645622430824,257,490
542,3885411,6246.641479099679,5986.5,1403.0077152437757,531.6398713826367,11.667198933062068,622,a,a,0.2246019272817285,-51.90241495660294,20.658371212915053,439,851
543,2179287,2790.3802816901407,2293.0,1237.6984969300877,240.18309859154928,11.225358830721088,781,c,a,0.443559075102269,-4.920321175974124,0.929592660274236,148,1114
544,10993709,14094.498717948718,13180.0,4209.3712923079975,1845.071794871795,7.535016373531863,780,a,a,0.2986534942847985,-6.482288961944,-3.5809026728070523,12,19
545,8284865,10635.2567394095,9790.0,3024.258762071157,1026.8177150192555,10.229414944325836,779,a,c,0.2843616130924803,5.575521413991723,4.625384456558755,43,66
546,10726323,13681.53443877551,13292.5,2347.649704591033,1621.279336734694,8.416266564433146,784,a,a,0.1715925735593987,5.3943810784854485,4.596180881556658,15,23
547,3578049,5752.490353697749,5611.0,1175.8968848516165,442.2475884244373,12.947984731953143,622,d,c,0.2044152727862881,-48.6755666405658,24.74702640963369,304,939
548,3896082,5066.426527958388,4729.0,1663.082149054484,400.4005201560468,12.431821560109912,769,d,c,0.3282554557688719,3.9842645234400496,12.951004801599645,277,850
549,3639890,4642.716836734694,4576.5,919.7168140552194,547.7130102040817,8.470460594576911,784,a,c,0.1980988387614164,4.419088802269931,8.829241872709181,480,924
550,4665403,5973.627400768246,5866.0,1456.4529324098194,496.6491677336748,11.954814884215548,781,d,c,0.2438138227741674,15.42133823483719,6.20926556477404,207,640
551,5142553,6559.378826530612,6206.0,1626.3930704247257,987.7423469387757,6.57183937242646,784,a,c,0.2479492515124268,3.029979520923047,4.097928582266868,268,514
552,6030778,7721.866837387965,6621.0,3115.5935941299285,689.8962868117798,10.86606224441664,781,a,a,0.4034767316945631,2.864844147657164,-1.180357206824228,160,288
553,5468991,7038.598455598456,6648.0,2013.3907405472305,638.7464607464608,10.992145634679323,777,c,a,0.2860499506042701,7.437699216537216,7.002374873981652,62,428
554,3513115,4481.014030612245,4370.5,954.401979112536,546.015306122449,8.249830892766528,784,c,c,0.2129879470567368,19.307868745971728,16.860747616574233,132,959
555,3223315,5173.860353130016,5000.0,1343.140041762484,479.0256821829856,10.70033198645907,623,d,a,0.2596011392054538,-57.1996158687196,17.528305663372212,325,1017
556,5620964,7178.753512132823,6744.0,1851.7956549268404,830.7241379310345,8.558617991434488,783,d,c,0.2579550407737384,13.415788885846816,0.1456187142344215,107,379
557,3410036,4383.079691516709,4085.5,1299.357191367411,676.0167095115681,6.399454678167515,778,a,a,0.2964484524162928,-1.3905314653982217,-1.4442885015124691,515,978
558,2541355,3241.5242346938776,3145.5,720.0926536271865,453.02933673469386,7.10654200184644,784,a,a,0.2221463118862631,-3.5467562536346824,-3.539310897601996,590,1094
559,4588710,5882.961538461538,5790.5,2334.112502512531,750.2782051282052,7.685307748681576,780,d,a,0.3967580762261669,2.3795494745544588,0.6949594703417414,218,666
560,10168806,13612.859437751003,13322.0,3287.759871224236,1640.2771084337348,8.229978901674347,747,c,c,0.2415186821151376,17.19897903947408,7.770685511054055,3,31
561,5385871,6913.826700898588,6633.0,1807.524028222679,682.9152759948652,10.0383277571086,779,d,a,0.2614361201717358,-1.6100082854449815,2.2188842978348453,132,455
562,16927322,17969.55626326964,18029.5,2931.927598644981,3105.0530785562632,5.763595756204975,942,b,c,0.1631608235445378,0.6062334152383012,0.4816450240862038,2,3
563,4278470,5513.492268041237,5285.0,1322.8647066870458,702.6237113402062,7.809502992350132,776,a,a,0.2399322684018229,2.4761683742397027,-12.86348755170926,388,745
564,4306402,5528.115532734275,5366.0,1200.137119202201,488.6341463414634,11.248566765191114,779,d,c,0.2170969676910131,6.352667493013499,9.654065899663458,237,733
565,5169769,6636.4172015404365,6185.0,1798.8165380450405,792.3170731707318,8.271206183872618,779,a,c,0.2710523590390763,4.646895429131932,4.590921576407085,264,504
566,3845237,4904.639030612245,4746.5,1273.7852144188632,544.843112244898,8.917382664202686,784,a,a,0.2597102878455577,12.967572333664911,16.58837754261318,448,865
567,4083132,5241.504492939666,4970.0,1607.510934501776,671.4197689345315,7.68993521109432,779,c,a,0.3066888403257312,3.697134712608415,-4.901246005745572,110,799
568,3809325,4877.496798975672,4721.0,1158.2113128363278,413.90012804097313,11.700377484531014,781,d,c,0.2374601892264829,14.378518677444507,10.642407948787849,284,873
569,3543332,4519.556122448979,4597.0,942.6132525976312,652.8520408163265,6.950163296505671,784,a,a,0.208563236534579,-0.1835934483366579,1.353736002491259,495,949
570,3533080,4535.404364569961,4193.0,1545.2516053833417,661.790757381258,6.734872856347,779,a,a,0.3407086736200774,-10.330598691278444,-5.832628044991856,499,954
571,4815991,7742.750803858521,7484.5,1857.762920785741,575.6382636655949,13.363483123148823,622,d,a,0.2399357757788025,-48.51885190332915,29.969610753389063,189,601
572,5345670,6888.75,6515.0,1742.020634483916,571.5154639175257,11.923541850595104,776,d,c,0.25287906143842,1.2980575109091703,0.9653750692807924,138,467
573,2472309,3974.773311897106,3648.0,1097.2590892383744,335.40514469453376,11.71798750182452,622,a,a,0.2760557654833068,-51.71498813717261,15.880627964112426,594,1101
574,6913915,8898.217503217504,8559.0,2101.9205265176747,666.5740025740025,13.225852584165615,777,d,a,0.2362181555752758,2.267543235424621,3.1656629849228333,32,165
575,3343994,5367.566613162119,4613.0,2472.7285919986007,492.9566613162119,10.555708992838513,623,a,a,0.4606796282574454,-48.05188496229692,18.9633915256156,522,992
576,5474294,6982.517857142857,6643.5,1988.431399389136,965.0701530612243,7.13169130967858,784,c,a,0.2847728341081211,1.174807424922645,11.37164822958736,61,426
577,3883479,4953.417091836735,4747.0,1184.5693574972906,583.3762755102041,8.44974704261246,784,a,c,0.2391418561238198,-1.664602210806953,-3.4277841257375457,441,855
578,7356117,8164.39178690344,8021.0,2314.6488859482256,773.6392896781354,10.495711520253993,901,d,a,0.2835053665186879,2.996353346621629,5.702072114567736,23,121
579,6461297,8294.347881899872,8044.0,2176.9717601825705,911.4017971758664,9.002592630001558,779,c,a,0.2624644868022971,1.2544014780740746,-7.49892478627178,31,230
580,7994967,10197.66198979592,9737.5,2314.114111679444,1602.7474489795918,6.337995484756403,784,a,c,0.226925947731452,-6.280491459028162,-1.8143514847383808,47,77
581,4154967,5333.718870346598,4992.0,2053.939105134267,587.6469833119384,8.874428412365884,779,a,a,0.3850857450611747,-0.6555161635934987,-1.9847934549557216,407,778
582,5492051,7023.083120204604,6570.5,1994.3123363071095,863.3184143222506,8.046213483091762,782,a,a,0.2839653613908829,1.3332301421458608,-1.9223175723566903,228,420
583,3363288,4311.907692307693,4199.0,1275.2029108611948,449.0807692307693,9.49158188669172,780,a,a,0.2957398446019882,0.9199463872304132,1.2120928866158347,517,985
584,3697954,4734.89628681178,4617.0,1123.7687613443309,433.4340588988477,10.824193973399757,781,d,a,0.2373375662893379,4.941563376221797,9.235589158571244,298,907
585,4449323,5675.156887755102,5401.0,1596.2047347304783,862.9987244897959,6.502484949242042,784,d,c,0.2812617811807988,-14.015640793411578,-11.09885103293136,229,702
586,11742401,15131.960051546392,14930.0,3539.497635533954,2361.4149484536083,6.390796176220339,776,a,c,0.2339087351193634,6.469320429049221,4.637121412962122,9,15
587,6020227,9663.285714285714,9323.0,2435.392361986322,685.6886035313001,13.968439474741867,623,d,c,0.2520252876706275,-48.083521778951,31.353026306986443,76,290
588,4825215,6154.610969387755,5954.5,1436.5555176291414,661.1466836734694,9.248351680856407,784,d,c,0.2334112626735278,4.6687063793887695,5.680361117863799,188,597
589,3537175,4672.622192866578,4341.0,2113.234629144077,493.8678996036988,9.080062664485643,757,a,c,0.4522588263973556,48.336392993220656,6.245284542528524,497,952
590,3872700,4984.169884169884,4824.0,1204.2023451698162,391.5997425997426,12.645936179643812,777,d,c,0.2416053973189111,9.664207631283697,1.520444123900021,280,858
591,4429448,5700.705276705276,5584.0,1295.7638263573922,498.7220077220077,11.402000881498893,777,a,c,0.227298862765675,-0.8682247771100567,2.8728678133631496,365,707
592,3465390,4448.510911424904,4391.0,1280.991919976591,570.01026957638,7.74007335007485,779,a,a,0.2879597117962955,-1.0652085474556892,2.7402199387056068,505,965
593,7454238,9507.956632653062,9053.0,2345.560611131666,1231.766581632653,7.674936169629011,784,a,c,0.246694500380485,0.6555122099765879,1.2491169758843494,65,108
594,3258199,4155.866071428572,4215.0,1140.9033843788998,456.67602040816325,9.083528212557882,784,a,a,0.2745284291576596,3.1541961034438994,4.970807420004883,535,1012
595,11774982,15019.109693877552,14504.5,3370.175798850107,1763.4132653061224,8.442892983247637,784,c,c,0.2243925151052022,-1.7809409674389276,8.49734425905815,2,14
596,3532562,4505.818877551021,4363.0,948.0123929387902,698.3864795918367,6.418072766725261,784,c,a,0.210397359215213,2.668870334843477,11.893252173726012,131,955
597,3957495,5080.224646983312,4918.0,1090.7795894258115,727.5250320924262,6.941225304726545,779,a,a,0.2147108967068075,6.2179236385112295,3.824030025633297,433,835
598,3665006,5892.292604501608,5830.0,1060.4832860130384,728.6012861736334,8.09511598526672,622,c,a,0.179978042027792,-54.50048596848461,23.033910141628542,126,920
599,7659466,9769.727040816326,9638.0,2114.3910619113467,875.5637755102041,11.10093665751116,784,d,c,0.2164227365900567,0.8767644519645044,2.230318818131681,17,96
600,5485348,6996.617346938776,6723.0,1775.0220581091517,619.2538265306123,11.189303551904985,784,d,c,0.2536971753765804,7.513409811675345,8.598499677116061,122,422
601,3807976,4875.769526248399,4759.0,1164.5528802576175,394.29065300896286,12.27614361436296,781,d,a,0.2388449400629624,2.941499263848653,2.603089705984931,286,875
602,4920431,6300.167733674776,6011.0,1495.2369116060986,614.1971830985915,10.176467337195838,781,a,a,0.2373328734747754,5.434875910394277,2.9957771568600853,300,573
603,5297052,6933.314136125655,6443.5,1908.0960381926163,945.6348167539268,7.238515127672952,764,a,a,0.2752069213553423,12.535559335272517,10.572693529363727,253,477
604,4953601,7963.988745980708,7616.5,1963.05995198171,591.7636655948553,13.349972565126912,622,d,a,0.2464920549984998,-51.96031389537842,7.613726211039991,174,563
605,5466800,7026.735218508998,6748.5,1858.3795405333956,508.7146529562982,13.661201723406204,778,d,a,0.2644726864957528,8.190755688910272,4.432244003057503,124,431
606,4577941,5839.210459183673,5672.0,1457.256193898037,620.8214285714286,9.357434729500724,784,a,a,0.2495639100670063,-1.646345181953425,2.925724628653044,343,669
607,3051294,3901.910485933504,3600.0,1879.5669801712536,414.07544757033247,9.181476871673144,782,a,a,0.481704279723265,1.9202329722948903,-3.666873652638485,549,1038
608,7275038,9326.971794871795,8931.5,3423.9732824597318,942.5756410256412,9.772724471918606,780,a,c,0.3671044962677295,5.990640155475612,5.78197680221996,77,130
609,3636230,4638.048469387755,4680.5,1140.2676536853437,504.6198979591837,9.1782997572249,784,a,a,0.2458507411492973,1.2631849718417123,6.456662174792704,481,925
610,3269954,4197.630295250321,3916.0,1314.8892275106043,520.3992297817715,7.951688615501225,779,a,a,0.313245601690654,0.4736124529645073,2.918962575423876,533,1008
611,3602813,5792.303858520901,5652.0,964.7027055512024,490.524115755627,11.768810122571187,622,a,a,0.1665490501041402,-52.71210404645488,25.356311888540912,485,929
612,4246423,6816.088282504013,6703.0,1797.4762595843176,424.1781701444623,15.918959838385192,623,d,c,0.2637108243152012,-51.52817278261568,17.57094929462461,243,752
613,5261587,6728.372122762148,6390.0,1643.824901152651,1000.8503836317136,6.6672824627169405,782,c,a,0.2443124237423752,0.1748888939712966,-0.3711061410428985,68,482
614,5140680,6590.615384615385,6363.0,1532.9658621610597,941.1858974358976,6.987759261831614,780,a,a,0.2325982890367862,4.04634336218345,-0.6346921070881423,269,515
615,7585401,9712.421254801537,9315.0,2304.2282707229624,1240.1075544174137,7.759556440653553,781,d,a,0.2372455034921204,-1.7774834507858333,-1.4145844475185168,18,98
616,6611772,8487.512195121952,8234.0,2107.280004232769,830.421052631579,10.12701757789121,779,a,c,0.2482800561328078,-1.439226386797315,0.251224116431439,121,205
617,4960149,6359.165384615385,6356.5,2138.6362082893247,574.6948717948718,10.971293822931878,780,a,c,0.3363076880282574,3.7347962342182655,5.386064993959024,294,561
618,5334682,6830.578745198463,6679.0,1603.1136956045366,505.5672215108835,13.406222858179516,781,d,c,0.2346966128941037,7.678379797351496,8.723818752416179,141,470
619,2676841,4303.602893890676,4072.5,1506.8665149589906,428.88263665594855,9.88532279340008,622,a,a,0.3501406965540695,-50.76275833129896,20.934225908548,581,1083
620,4835283,7773.766881028939,7664.0,1457.4945376263142,709.3585209003215,10.899963219839089,622,d,c,0.1874888403436918,-49.273415491532106,31.68269503646735,184,590
621,4608739,5916.224646983312,5633.0,1429.644307286172,806.4967907573813,7.272009376795129,779,a,a,0.241648076702961,3.240198253882319,4.201760150702909,337,656
622,3385282,4317.961734693878,4253.5,1151.4802427709085,430.0,9.958830874840398,784,a,c,0.2666721739377671,2.867268116217493,4.176786883117586,516,982
623,5473895,7127.467447916667,6988.5,2161.28931629186,832.2096354166666,8.467262245277876,768,a,a,0.303233838959671,-6.71449432937398,6.119618882633175,230,427
624,5467853,7019.06675224647,6858.0,2022.624429850325,682.8831835686777,10.174551801075433,779,a,c,0.2881614467055722,-0.5745107582629714,3.0431945691249984,232,430
625,4907852,6300.195121951219,5966.0,1745.0201722235684,616.8536585365854,10.095883429568378,779,a,a,0.2769787504110066,2.383911543488975,3.6389450397866314,301,575
626,7318373,9382.529487179489,8958.0,2686.281288486969,829.624358974359,11.16898239865504,780,c,c,0.286306724871749,-0.9227164520027994,3.139646930639442,19,123
627,4679168,5991.252240717029,5899.0,1543.6546674845688,615.617157490397,9.62503532012477,781,c,c,0.2576514233524952,12.884775134761492,9.756867490480545,88,636
628,4885169,6231.0829081632655,5933.0,1917.55755460886,762.9387755102041,8.044347445943052,784,a,c,0.3077406580638963,0.9437276817559468,1.9501755442606576,304,582
629,4760004,7652.739549839228,7445.5,1908.7502473963712,678.6382636655949,11.212147422736717,622,d,a,0.2494205160080838,-52.034728108581085,-9.062829092282197,196,616
630,5403029,6935.852374839538,6812.0,2617.205663168296,793.5763799743261,8.638915185216788,779,a,a,0.3773444879914771,4.671316846332699,-5.5582650206597854,245,451
631,4233841,5400.307397959184,5160.5,1225.1114156422768,638.4413265306123,8.384017146948615,784,d,c,0.2268595702728433,7.735147118643193,9.332495908364663,245,756
632,5510559,7028.774234693878,6899.0,1376.217670529938,903.6135204081633,7.726806648523522,784,a,a,0.1957976774580349,2.418843201623986,9.322953111212238,223,410
633,4482889,7207.2170418006435,7062.5,1450.9548090167896,549.7797427652733,13.083761121326662,622,d,a,0.2013197050403083,-49.9871484371891,19.704035991979318,224,690
634,5236366,6713.289743589744,6358.0,2506.8350637025164,651.2025641025641,10.114050836085488,780,d,a,0.373413804475845,6.854907933488473,3.708467087419423,151,489
635,4609211,5909.244871794872,5718.5,2571.721901404516,596.7166666666667,9.727438284917774,780,a,a,0.4352031363058715,3.604268604927975,1.7552693699786193,336,655
636,3692957,5927.699839486357,5256.0,2333.6874568144776,714.8218298555378,8.045728377387903,623,c,a,0.393691907486445,-50.30577052441376,27.50350316881501,123,908
637,5415918,8707.263665594855,8388.5,1884.0743002906893,693.0643086816721,12.47727077822869,622,d,c,0.2163796081810708,-50.17658861837842,21.17210838516695,128,448
638,3713936,6009.605177993528,5937.0,1202.806993644524,507.7135922330097,11.789016127014932,618,d,a,0.2001474236692058,-49.24278389805515,22.0115262850296,297,903
639,3688329,4734.697047496791,4530.0,1509.053892686541,485.98331193838254,9.620627296880755,779,a,a,0.3187223760143998,-1.5255805417088115,-5.004508457866958,473,911
640,8984969,11533.978177150191,11198.0,2649.288845894932,879.5083440308088,12.99987526002951,779,d,c,0.2296942828575315,4.4135384549585925,5.978475090401193,3,44
641,4490386,5764.295250320924,5448.0,1911.6306126159732,538.0641848523749,10.578515912157249,779,a,c,0.3316330148962346,0.8442040610010662,-3.097683358177663,353,687
642,2845461,3652.7098844672655,3522.0,786.5386231451618,479.8818998716303,7.558953115860703,779,c,c,0.2153301652808037,-0.3775179934253399,2.0229670289375634,142,1064
643,6267634,7994.431122448979,7620.0,2103.342751034108,1020.2436224489796,7.752581344050711,784,a,a,0.263100991029588,1.055597727419853,1.038183636082436,145,251
644,5537010,9353.057432432432,9115.5,2688.0743552782787,1029.5135135135135,8.9796790369214,592,c,a,0.2874006039947085,-50.67681747898214,12.818172743736364,56,400
645,8337410,10730.2574002574,10264.0,2748.233106822076,1327.2921492921494,7.998905088850749,777,a,a,0.2561199609951715,-4.829107106025753,3.664012255193271,41,63
646,3126126,5025.926045016077,4828.5,982.8195371017872,706.4083601286173,7.080009435702216,622,a,a,0.1955499401103191,-50.73150898554368,21.33660530809135,543,1027
647,4527267,5774.5752551020405,5499.0,1561.4052098424193,677.4910714285714,8.419823464849292,784,a,c,0.2703930836233995,2.895412530453015,4.683389162482005,347,678
648,5154013,6573.996173469388,6423.5,1439.6977417046176,609.8214285714286,10.7067604431549,784,d,a,0.2189988712671893,4.026527953872243,-0.3637495882120705,158,508
649,2873358,3683.792307692308,3632.5,1457.8162332414342,386.6782051282052,9.34600277081551,780,a,a,0.3957379003689477,3.2626676390968097,1.6990378696871784,566,1061
650,3975207,6391.008038585209,6358.0,1114.5757950152274,663.8247588424438,9.587099950845182,622,a,a,0.1743974954007354,-51.34900135139782,20.13239771141711,431,833
651,5932759,7615.865211810013,7389.0,1585.892901222564,948.4197689345316,7.9807783765100915,779,a,a,0.2082354213364098,0.7141329331301929,3.522812191896392,173,309
652,5190629,6637.632992327366,6248.0,2201.5477426311363,681.0153452685422,9.549916326310807,782,a,a,0.3316766300842438,4.530911470174911,6.945317742540566,261,501
653,4608178,5915.504492939666,5678.0,1519.7617467914613,500.17971758664953,11.73131362205098,779,d,c,0.2569116038379048,2.515691133764254,0.8572856688959324,213,657
654,5050619,6475.152564102564,6297.0,2451.650517064774,684.1833333333333,9.343638279845948,780,c,a,0.3786243633325982,6.343887065431286,5.27195340977927,77,544
655,6256703,8031.711168164314,7566.0,2492.497452900554,687.4467265725289,11.497587188078828,779,d,c,0.3103320576043855,26.149004708416385,3.471661813330006,60,255
656,2534495,3245.192061459667,3141.0,690.2984389812682,379.1664532650448,8.503325376386751,781,d,a,0.2127142017815661,6.7988434005044205,1.84742541682156,343,1095
657,4698459,6054.715206185567,5585.5,2046.2991677536104,766.1546391752578,7.755671182878868,776,c,c,0.3379678643948583,15.814763747156055,2.907637945394626,87,634
658,4719829,6058.83055198973,5776.0,1804.008630341213,598.6264441591784,9.985142879316305,779,d,c,0.2977486521303641,-3.508185660790785,-3.308594735919326,202,627
659,4407938,5643.966709346991,5391.0,1698.3720746698934,685.0717029449423,8.162741707358556,781,d,a,0.3009181595379034,-1.342755817389356,-2.0028857905471966,232,711
660,2871525,4616.599678456591,4397.0,1569.4269646258083,497.46945337620576,9.142780606594494,622,a,a,0.3399530117262614,-50.87329503190332,33.420479170217426,567,1062
661,5503903,7157.221066319896,7063.0,1465.5825200039235,589.0884265279584,12.05565781684428,769,d,c,0.2047697711756579,3.481936493818547,5.556975066968885,117,412
662,6616587,8439.524234693878,7851.0,2678.178649396584,771.3456632653061,10.735780446560153,784,d,a,0.3173376336058034,-3.1322675619259197,4.790715960628484,46,203
663,3623173,4786.225891677676,4841.0,1627.9322914256288,652.9260237780713,7.208467450698366,757,a,c,0.3401285957389285,58.64386352893679,16.59316036540236,484,928
664,3858158,4946.3564102564105,4641.5,1521.6704071116276,602.4089743589743,8.07135542343216,780,d,c,0.3076346063450666,8.416776619653758,7.908092195683666,282,864
665,6360621,8207.252903225806,7788.0,2539.275454258193,1259.189677419355,6.416973524197633,775,a,a,0.3093940791394581,-0.2642402174984128,-1.165599516044981,140,239
666,5451906,7016.610038610039,6986.0,2066.727750925478,654.8378378378378,10.573226821571534,777,c,c,0.2945478998480709,5.733690783001363,4.7888774459320285,64,435
667,6879831,8786.501915708812,8375.0,2226.777209638318,793.330779054917,10.94564421900975,783,d,c,0.2534315966695697,3.562446955012505,-1.1586709411559637,34,170
668,7009629,8940.853316326531,8594.0,1995.5078517446827,1156.7295918367347,7.657482660580686,784,c,a,0.2231898657928731,2.422374696042949,4.56293583514438,22,158
669,2807854,4514.234726688103,4406.0,988.795232819975,393.92122186495175,11.410198383537711,622,d,a,0.2190393926514785,-49.98225351426117,27.640585289195545,341,1072
670,4092358,6589.94847020934,6242.0,1557.3806754638197,700.5958132045089,9.31751040919896,621,a,a,0.2363266848753291,-50.78182369146287,21.71613974977937,415,794
671,3691881,5935.5,5727.5,1357.1296765369175,593.8569131832797,9.923775307930468,622,a,c,0.2286462263561481,-49.252690838553306,42.43393171753726,472,910
672,6892942,8837.105128205128,8588.5,2107.6241542512803,1389.2141025641026,6.332927194025764,780,c,a,0.2384971236252965,-1.5980097538148823,-1.238116860499976,23,169
673,5536916,7126.018018018018,6717.0,1893.1160669578355,582.7335907335907,12.083788304921136,777,d,c,0.2656625428354409,16.863190682924436,10.415424861250717,113,401
674,6112239,8193.349865951743,7811.5,2723.646739574221,1014.1219839142092,7.977697132229495,746,a,a,0.332421632681963,4.703222528760088,-15.35952906833706,154,276
675,3341266,4278.189500640205,4153.0,1579.8426812112652,448.3713188220231,9.450375830149186,781,a,a,0.3692783316341764,-13.003333074086454,-6.899444937494895,523,993
676,7057092,7687.464052287582,7395.0,2397.414441581638,1687.5936819172114,4.49531646414054,918,b,b,0.3118602474463906,36.764469511090766,16.572531675071613,11,152
677,4938047,7938.98231511254,7657.5,2024.709048820585,637.6736334405144,12.341461323864374,622,d,a,0.2550338278202706,-50.52355112662135,0.546419124098543,175,564
678,5686651,7299.937098844673,6825.0,2104.290366349145,825.3196405648267,8.744373526727983,779,c,a,0.2882614381269369,4.388610930288863,7.144339561878726,49,358
679,7796037,9943.92474489796,9589.5,2153.785170962133,1061.4183673469388,9.315130983221623,784,a,a,0.2165930682517685,2.9668180875169403,2.172463270214013,53,88
680,4080960,5205.306122448979,4984.5,1322.5959354014751,791.0191326530612,6.528777311025471,784,c,a,0.2540861006613043,0.332506341746358,3.9584244729391873,111,800
681,2731676,3561.5071707953066,3435.0,1156.0193617042903,488.9400260756193,7.19577427829347,767,a,c,0.3245871217623139,14.4915071138453,3.677395626650503,577,1078
682,10557379,11207.408704883228,11113.5,3253.524235462589,1758.842887473461,6.275581750917059,942,b,a,0.2903012035284286,-0.951857535454919,5.465611947745818,6,24
683,7171315,9147.085459183674,8796.0,2565.591607284643,878.3022959183673,10.318900692414507,784,a,a,0.280481867009211,-9.709662591896738,-5.588143316371943,87,145
684,4802690,7721.36655948553,7554.0,2302.097787433386,619.2106109324759,12.337602736502893,622,d,c,0.2981464187327448,-46.40295635131466,36.60283160514017,190,603
685,5165199,6630.550706033376,6487.0,2629.940845207232,612.4531450577664,10.613896709972725,779,a,a,0.3966398813320519,-26.655306566096364,0.2441077274765919,265,506
686,4875320,6250.410256410257,6049.5,2494.9353455207133,753.7179487179487,8.17262017450065,780,a,a,0.3991634537848093,1.4540235647497286,2.2583369885797997,307,585
687,6522150,8372.464698331194,8110.0,1796.748549277444,734.3838254172016,11.310869343249028,779,d,c,0.2146021051167374,10.544953961570007,11.316583094778176,50,219
688,2820350,3615.8333333333335,3581.0,1390.5323212711692,364.1474358974359,9.753737463378108,780,a,a,0.384567592884398,0.7172957620902064,0.6247426509175756,570,1069
689,5503014,7046.112676056338,6646.0,1905.664139592508,713.4519846350832,9.756665046869516,781,d,a,0.2704560978804975,-1.988560754046169,-7.657983493546447,118,413
690,4354600,5589.987163029525,5333.0,1382.5084425294965,792.1514762516047,6.99949678983599,779,a,a,0.2473187150898998,0.861393798370885,3.4314159776283604,372,716
691,6521018,8371.011553273427,8188.0,2073.7175040247744,621.3106546854942,13.357488837147963,779,d,c,0.2477260353575621,-1.4780037437437907,0.2939377416613848,51,220
692,5132377,6588.4172015404365,6128.0,2201.547893007331,797.0654685494223,8.144725907751198,779,a,a,0.3341542931574806,-2.6577964586136407,0.2057715865339571,271,517
693,5160800,6607.938540332906,5437.0,2807.447049766656,494.5339308578745,12.956174633962943,781,d,a,0.4248597399371722,3.27039727483892,-0.2043999510663459,157,507
694,5005559,8047.522508038585,8081.5,1565.2386837711774,776.3183279742765,10.30112780281091,622,a,c,0.1944994477750981,-51.517334182269934,27.3548334561986,293,555
695,4201243,5393.123234916559,4978.0,2139.996627513814,513.8793324775353,10.2711369645025,779,a,a,0.3968009879060224,0.8381222451220796,10.11082106527798,395,760
696,6154509,7850.139030612245,7519.0,1952.6828817256792,995.5892857142856,7.813865342045196,784,a,c,0.2487450061853728,7.54883541245035,14.255577439920645,150,271
697,8301159,10656.173299101412,10223.0,2543.4325190431628,1004.6418485237484,10.496306264856884,779,d,a,0.2386816024526965,6.2137101706516615,5.847750715745097,6,65
698,12202270,15564.119897959185,15206.0,2506.622125717423,1936.6122448979595,8.00175690644845,784,a,a,0.1610513245947237,7.438552474672805,4.126008198039871,8,12
699,6373219,8320.129242819843,8031.5,2047.6279738326905,978.2140992167102,8.423242104600064,766,a,a,0.2461053084721929,-4.420962556556171,-8.003546474222757,139,238
700,3297857,4356.482166446499,4106.0,1677.6178315208067,527.1360634081902,8.100855279701436,757,a,c,0.3850854353179203,20.09625205665846,2.9923807146248844,529,1004
701,3594522,5778.974276527331,5495.5,1706.4699763944366,629.6479099678456,9.021971866988304,622,d,a,0.2952894224370694,-48.0971118477547,18.605034324942796,302,931
702,2720610,4373.971061093248,4144.5,1155.1098430728428,347.21864951768487,12.464141301153376,622,a,a,0.2640872166136668,-54.78485502206748,23.06643523923512,578,1079
703,2563326,3290.5340179717587,3076.0,956.9375651845536,352.5571245186136,9.2300477678305,779,a,a,0.2908152779938124,-0.642266133545775,3.437175328397884,588,1092
704,8138397,10393.865900383142,10089.0,2443.7469712488446,1077.5478927203064,9.617911093165675,783,d,c,0.2351143448135849,8.169272810740342,6.108860016434255,10,72
705,6206501,7967.267008985879,7566.0,2474.755418431632,959.3324775353016,8.186908431330025,779,a,a,0.3106153484802855,3.2247848050506804,2.8735252464027075,146,263
706,3572311,5743.2652733118975,5677.5,1295.1613638856977,524.4324758842444,10.88850853116964,622,d,a,0.2255095842262624,-49.75510225663122,18.672696956870485,305,941
707,6481071,8319.731707317073,8033.0,2529.700318810665,913.95378690629,9.068801469879103,779,a,c,0.3040603240349486,5.044103631035769,5.068327590336259,134,227
708,3145529,4571.989825581395,4287.5,2070.314067029657,472.953488372093,9.311334189501098,688,c,c,0.4528256067950429,14.232956222528392,50.56710179949511,139,1023
709,7751342,9886.915816326533,10275.5,3169.211484907777,1297.7372448979593,7.627256764313824,784,a,a,0.3205460169565086,5.341748397564974,0.9063167531278608,54,89
710,2828018,4546.652733118971,4376.5,1306.102513645824,373.1864951768489,12.02603133878256,622,d,a,0.2872668290964564,-47.62077091463419,23.925205952073604,339,1067
711,4307666,6914.39165329053,6472.0,1853.0121981491936,511.3194221508828,13.358080147522443,623,d,a,0.2679935258320742,-48.42636002626408,10.843444811716974,236,731
712,3994137,6421.442122186495,6038.0,1643.0190963811417,574.676848874598,11.06825814161884,622,a,a,0.2558645028823674,-51.116775499100456,8.584804855064892,426,827
713,8349365,10718.055198973045,10398.0,2694.8029017849235,1313.7663671373557,8.08159270015677,779,a,c,0.251426480994717,-8.139543540709315,-10.135526165214406,38,59
714,3538417,4553.947232947233,4395.0,1262.6251019147549,331.1222651222651,13.610106961822575,777,d,c,0.277259493210598,20.02048932132908,18.6830165037815,308,950
715,5037090,6491.095360824742,6371.0,2560.757149862517,675.4033505154639,9.511882340063506,776,a,a,0.3945030857684324,-2.4953834753017183,-0.2211226882730815,288,546
716,3556025,5717.081993569132,5620.0,1250.3237473300285,454.3086816720257,12.500971994537815,622,d,a,0.2186996353623154,-51.73644860138865,20.86302097063677,306,944
717,4325705,5552.894736842105,5110.0,1884.5135801143747,559.421052631579,9.724107153504498,779,d,c,0.3393749871776041,7.958175610225266,3.136109687207129,234,726
718,6178736,7911.313700384123,7742.0,1759.6928738959723,855.2394366197183,9.193868430475977,781,a,a,0.222427392028524,1.311652146421613,-1.444267771187432,148,269
719,3348602,5383.604501607717,5235.0,1238.3778509090896,456.7524115755627,11.74906514240229,622,c,c,0.2300276423610371,-50.28398206506372,11.088090428197011,135,989
720,5618245,7166.128826530612,6862.0,1726.2056382357905,717.4795918367347,9.89112745131911,784,a,c,0.2408839807407579,-0.3057786991448562,3.1283343067741693,210,380
721,6015956,7673.413265306122,7480.0,1470.702519380946,756.204081632653,10.0985746476686,784,a,c,0.1916621024480002,1.5895265975133492,6.263210453464117,162,291
722,7711931,9836.646683673467,9506.0,2022.840220649576,1583.0663265306123,6.174909344237808,784,a,a,0.205643273129553,0.0940948682870496,-1.89451339090142,56,91
723,5492073,7032.10371318822,6764.0,1783.8020819123724,566.8386683738796,12.28478586741698,781,d,c,0.2536654967939361,17.91673870308828,14.307978911225025,120,419
724,5307253,6812.905006418485,6539.0,1510.5730977048438,699.1065468549423,9.696296937418738,779,d,c,0.221722319081467,7.2651783477501075,5.21856389314276,144,475
725,4505981,5747.42474489796,5516.0,1241.2027679069838,595.3571428571429,9.589871358958606,784,d,c,0.2159580721798594,0.3800225568441081,4.818535434599836,223,686
726,8617965,11048.673076923076,10555.5,3926.6450606257854,1064.5333333333333,10.234258104472593,780,a,c,0.3553951712832568,2.223478573715985,4.243031148076619,32,51
727,3537376,4529.290653008963,4431.0,1262.7839102055673,452.8335467349552,9.900547138641322,781,a,a,0.27880390263024,2.94409667507972,3.051394977625212,496,951
728,4075915,5245.70785070785,5166.0,1122.3017106576065,458.060489060489,11.384926289725936,777,d,a,0.2139466669891203,3.576414958081822,4.839843702423409,257,804
729,8217604,10548.913992297816,9885.0,2750.7958701671005,1082.3350449293966,9.639650312377956,779,c,c,0.260765788039941,6.280898639966646,5.643302457511097,9,68
730,6315412,8055.372448979592,7735.0,1892.7188405857269,984.2755102040816,8.129033619070295,784,c,a,0.2349635417323857,-16.26148687191087,0.7368841059730923,35,245
731,7177402,9249.2293814433,8653.0,2522.398462592788,950.9175257731958,9.600592586167975,776,a,a,0.2727144455573205,-1.3932946449419388,0.0107044732804453,85,141
732,5135916,5816.439411098528,5411.0,2246.6639666480105,661.4597961494903,8.731082643052371,883,a,c,0.3862610452644072,5.537793963813878,0.5037940906690386,270,516
733,14067158,14933.288747346072,14795.5,1838.044096708791,3403.458598726115,4.392112507949244,942,b,b,0.1230836775345582,4.389076505426252,2.2545539501546608,3,8
734,4658828,5980.523748395379,5821.0,2145.6858397175342,566.0513478818999,10.459808036873262,779,a,a,0.3587789180325951,-6.384513741654682,-4.025083284342544,330,642
735,4304462,5518.541025641026,5065.0,2069.056403318168,544.3371794871795,9.889111467131489,780,d,c,0.3749281546888254,2.730708828925096,6.058937493627002,238,735
736,3261815,5244.075562700965,5089.5,1283.9205566900905,509.2829581993569,10.191889433345446,622,c,c,0.244832581327033,-52.108233636213086,26.67295042462094,137,1010
737,4765845,6117.901155327343,5675.0,1957.9259859120623,898.4120667522465,6.7015622393715,779,a,a,0.3200323013076372,5.068067413739202,1.4396392121403472,320,613
738,6628200,8508.600770218229,8268.0,1764.3920356819244,701.7150192554557,12.042149666663317,779,d,c,0.2073657095133247,3.383929887498208,7.813652284547342,45,201
739,5944868,9557.665594855303,9198.0,2644.018312125132,765.3038585209003,12.341618587998726,622,d,c,0.2766385040242831,-47.09688353823546,29.555675253213355,80,305
740,5449956,6978.176696542893,6993.0,1727.9001431320437,509.15108834827146,13.57761062187094,781,d,a,0.2476148452916181,6.079261655906604,5.982948373542172,125,436
741,5973663,7619.468112244898,7227.5,1824.486083873,920.2308673469388,8.19604451002623,784,d,c,0.2394505832947777,13.638309854899644,5.955775451504968,77,298
742,6252167,8025.888318356868,7653.0,1983.1233659120523,872.7766367137356,9.097283845667237,779,d,c,0.2470908249964354,5.289375585278826,4.685572223699206,62,257
743,2976940,3816.589743589744,3668.0,1393.375484560058,418.3282051282051,8.946892995121138,780,a,a,0.3650839042630504,5.899787360278469,2.6572520586940085,557,1048
744,4511526,7457.067768595041,7345.0,1324.6160972155155,834.8115702479339,8.889165811891518,605,a,a,0.1776322997618515,-49.82148807765033,25.088068328794694,351,684
745,5849281,7499.078205128205,7260.5,2971.0300609195565,709.6294871794872,10.403957750687884,780,a,a,0.3961860350899972,1.5626201182285535,1.190859597838331,178,321
746,4716888,6039.549295774648,5730.0,1776.704864656043,509.0499359795135,11.67613831273042,781,d,c,0.2941783861088856,17.09122871946706,16.02615470929145,203,628
747,6261174,8027.1461538461535,7616.5,2226.4047433715623,701.3474358974358,11.303901525949827,780,c,c,0.2773594376757168,3.822472954877404,4.598925317935311,37,253
748,4469650,5737.676508344031,5524.0,1569.980946653049,487.6572528883184,11.628329182605508,779,d,a,0.273626605537956,4.510415803124149,-0.1570489731375495,227,697
749,4042901,5189.860077021823,4979.0,1958.3595542278408,636.4313222079589,8.020956642033553,779,a,a,0.3773434206634018,-1.4898945853058156,-15.959964546543029,420,808
750,3108353,4997.352090032155,4869.5,1248.0910808279675,402.8022508038585,12.300813826772346,622,d,a,0.2497504795224338,-48.56811581384711,23.17111181569515,330,1032
751,3284432,4216.215661103979,3952.0,1076.9716406990926,573.7432605905007,7.2897020556670045,779,a,a,0.2554356150788304,-4.139139938110909,-0.2315722941458524,530,1005
752,4091043,5251.659820282413,4790.0,1904.5836595599285,459.3992297817715,11.227731409131716,779,a,a,0.36266318168672,-1.076442402083008,2.107681017992724,417,796
753,6785308,8710.279845956355,8344.0,2251.260285998287,764.3157894736842,11.259500105012505,779,d,c,0.2584601557943524,-5.136549347063216,2.88664410692555,40,185
754,6324001,8086.957800511509,7666.0,2641.458357237241,965.5588235294116,8.261115990854032,782,c,c,0.3266318957507316,-13.853052756350271,0.979992338973345,34,243
755,8187392,10483.21638924456,10121.0,2356.555476404505,895.4199743918053,11.615772447088212,781,d,c,0.2247931730973573,4.591895854056109,5.46974265743729,8,69
756,12911782,16574.816431322208,16367.0,3912.558675159741,2346.572528883184,7.038392254364538,779,a,c,0.2360544197500731,4.91676514306184,3.890761298814499,7,10
757,4832775,6219.787644787645,5895.0,1632.8469437466629,535.8558558558559,11.49421456302878,777,a,c,0.2625245485856794,13.59444504079637,12.934952762505372,311,593
758,3768116,4868.3669250646,4793.5,1281.239351790305,636.8152454780362,7.615151281432191,774,a,c,0.2631764144961822,2.8169396283601844,0.563614012797409,462,888
759,5460897,7010.137355584082,6574.0,2221.453074299534,774.4480102695763,8.897557124014682,779,a,a,0.3168915188986969,6.273970895698046,5.1974061508064375,234,433
760,5935009,7638.364221364221,7539.0,1018.8871139310456,1227.2458172458173,6.224878073942207,777,a,a,0.1333907476002854,1.3729226443372575,4.805958906086024,172,307
761,6843911,8729.478316326531,8416.5,2103.0751690879824,994.9464285714286,8.70394046560099,784,a,a,0.24091647780998,1.041576992608808,6.291158094535102,104,176
762,2965697,3886.889908256881,3691.0,1206.8116160270467,389.6356487549148,9.821552621013485,763,d,c,0.3104825823503334,16.463762873373287,18.282083335269636,335,1052
763,4802197,6125.251275510204,5910.5,1396.917282674385,586.2755102040817,10.370780666266128,784,d,c,0.2280587717698207,3.571473429384489,1.768661735036987,191,604
764,2714404,3538.9882659713167,3602.0,1382.910501614515,396.2685788787484,8.83754286948323,767,a,c,0.3907643647512798,19.14167735382973,9.759894510393448,580,1082
765,6609836,8506.867438867439,8274.0,2069.185760268439,710.7142857142857,11.910927327809125,777,a,c,0.2432370993362887,4.590421945598905,4.773140007395856,122,206
766,3809093,6123.943729903537,5964.0,1446.240141173971,529.7025723472669,11.472446028383294,622,d,c,0.2361615659712719,-48.05394034860662,32.30358130654342,285,874
767,4722348,6023.40306122449,5945.0,1877.2128910584124,615.297193877551,9.708971974786072,784,a,c,0.3116532086559049,1.3253491917430058,1.8875249378900836,326,626
768,10185601,12991.83801020408,12366.0,3350.4568488985437,1345.4426020408164,9.534819609262868,784,a,c,0.2578893645585035,4.122603288026106,3.1449139036740883,18,29
769,10198000,10825.902335456476,10732.0,1851.334458827737,3081.052016985138,3.5270286776813298,942,b,b,0.1710097136905009,15.209515099165973,12.159240704269251,8,27
770,5046197,6477.788189987163,6191.0,2006.3991368144973,733.2605905006418,8.746454732127694,779,a,c,0.3097352179430358,1.1054737243184165,-9.228796441098227,287,545
771,4181091,6722.011254019292,6452.0,1531.746148143684,689.0225080385852,9.71074693482427,622,a,a,0.2278702147705877,-50.41422874743492,21.595418579978457,399,765
772,2804862,3582.199233716475,3457.0,827.108865473391,488.1353767560664,7.282988489301278,783,d,c,0.2308941551012724,20.82690784373209,9.886709455665612,342,1073
773,4464281,5716.108834827145,5624.0,1236.3746298429455,791.8553137003842,7.1989872784515,781,a,a,0.2162965516524028,-11.357060471423535,-1.3804666288937522,359,698
774,4307095,5493.743622448979,5350.5,1119.9110206103128,713.4158163265306,7.6658299718389245,784,a,c,0.2038520720249925,0.3299493300682848,2.578795050603487,382,732
775,5405733,8690.889067524116,8473.0,1777.628760970286,621.0948553054662,13.918949119542289,622,d,c,0.2045393454178217,-47.40595756382183,11.330197794428368,129,450
776,3728530,4804.806701030928,4571.0,1327.6792126186042,534.5682989690722,8.892291842532556,776,c,a,0.2763231270747551,5.102737480651203,2.2668029337501503,121,899
777,3109262,3991.3504492939664,3845.0,1063.961054315153,350.5109114249037,11.259914843002784,779,d,c,0.2665666840914352,20.01174665739901,16.489192452369643,329,1031
778,3670582,5901.257234726688,5509.5,1409.572826671803,800.491961414791,7.306853982692145,622,a,a,0.2388597498134796,-53.81514884368347,20.56366673930413,476,917
779,5560247,7128.521794871795,6961.5,2894.213989937518,700.0833333333334,10.041341415759124,780,a,a,0.4060047893827853,5.084768407205184,2.8062413048223824,218,393
780,5106807,6547.1884615384615,6450.0,2520.1358922994937,788.9948717948718,8.21329923453755,780,a,a,0.3849187948543199,2.3028921685678947,3.3385146481387844,275,528
781,3839505,4922.442307692308,4582.0,1777.424382552382,672.9589743589744,7.173830207290741,780,a,a,0.3610858739318891,3.39101707290253,0.7305858131435299,451,868
782,4275775,5488.799743260591,5320.0,1310.0365812314008,513.2130937098844,10.605893936459042,779,c,c,0.238674508546231,12.756723116789976,2.419718010021944,101,746
783,5364665,6860.185421994885,6600.5,1579.8066811966796,678.6675191815857,10.026047142155134,782,d,c,0.2302862946140725,3.4881046964365905,5.63298287482648,136,462
784,6038270,7751.309370988447,7326.0,2295.6990082108427,825.1668806161746,9.27140436570264,779,a,a,0.2961691887570855,8.772038893968947,-20.067370682320917,159,287
785,5072473,6511.518613607189,6139.0,2014.0109868408863,561.3915275994865,11.421074772095746,779,d,c,0.3092997357992936,22.214376165287806,14.830552451592592,166,534
786,2779666,3563.674358974359,3618.5,1452.8067983860376,553.0205128205129,6.350570366547628,780,a,a,0.4076710305270882,2.604049541046416,-4.245038772256471,574,1075
787,7977175,10227.147435897436,9920.5,2596.0887970983595,1141.9679487179487,8.876366815507442,780,c,c,0.2538429032504264,4.499121148032724,6.295505154213068,10,79
788,14082141,17961.914540816328,17494.0,3150.6476492216075,1717.9017857142858,10.435592116011602,784,a,c,0.1754071172124849,3.216048013491098,0.0585977951210843,5,7
789,2626269,3380.011583011583,3342.0,630.273421782853,469.2097812097812,7.21832623628978,777,a,c,0.1864707875412902,11.471742813163756,14.89485614646905,583,1086
790,5820810,7453.021766965429,7368.0,1634.088946606955,682.3597951344431,10.850513592229156,781,d,c,0.2192518682623263,1.9467492159881783,3.266662413503896,88,328
791,5973977,7668.776636713736,7046.0,2181.069828744514,810.3992297817715,9.345280248881004,779,a,a,0.2844090957484396,13.56629041652784,13.76633433210939,167,297
792,5756322,7389.373555840822,6876.0,2445.4861782873404,691.7265725288831,10.469759204113204,779,d,a,0.3309463461018752,-1.414295422774505,-2.8644302865835147,90,333
793,3764223,4832.121951219512,4430.0,1742.7748747411677,457.8587933247754,10.3191934302067,779,d,a,0.3606645056425641,3.512367140864319,6.960473211249702,290,889
794,2405374,3083.8128205128205,3032.5,575.9523593546659,521.8294871794872,5.890279358082586,780,c,c,0.1867663158812889,6.605204169355557,12.458347707086292,146,1105
795,3547312,4553.673940949936,4304.0,1502.7302637978437,467.2991014120668,9.557824152490875,779,d,a,0.3300039228290379,0.8183448206825282,4.577254821842419,307,948
796,5643678,7244.772785622593,6954.0,2144.2186815294444,667.7971758664955,10.739465899570437,779,a,c,0.2959676921524292,7.713546785539213,7.02029970982198,208,375
797,2617520,4208.231511254019,4050.0,1131.5439516130934,414.4951768488746,10.038548083810916,622,a,a,0.2688882369201932,-41.33007191069097,39.81680595349304,584,1087
798,5825254,7468.274358974359,7366.0,2846.7652316384783,900.5910256410257,8.24501860004156,780,a,a,0.381181126295611,1.3606357230446924,3.099149982261994,182,325
799,7708195,9894.987163029526,9444.0,2025.6100296263644,898.6315789473684,10.943520364931056,779,a,c,0.2047107283973664,6.59895550602944,-1.3433147956377451,57,92
800,4157860,5337.432605905006,5206.0,1369.936871686403,499.3145057766368,10.594584732185274,779,d,a,0.2566658865482984,-6.987382794360297,-15.709865725577403,248,777
801,3798660,4845.229591836735,4554.5,1467.4681581692669,474.3813775510204,10.08080416564435,784,d,a,0.3028686526313767,5.221731211791781,6.523588535269294,287,880
802,5363403,6841.0752551020405,6671.0,1694.2981241616285,522.9910714285714,12.947279854371924,784,a,c,0.2476654708480263,0.3259735279984856,5.332373266980818,248,463
803,4650665,6047.678803641093,5634.0,1845.732320528174,492.0949284785436,12.116889093974487,769,d,a,0.3051968169038547,-11.037315430358566,8.088790578132368,209,644
804,3061600,4922.186495176848,4829.0,1094.2948099232929,440.3987138263665,11.10934629105866,622,c,c,0.2223188436674576,-48.49741207771592,21.17106973185482,141,1036
805,3784390,6084.228295819936,5813.0,1723.8316613725335,572.4292604501608,10.514200709286014,622,d,a,0.2833279057850052,-60.54624082152424,23.49193585993338,288,883
806,4234755,6808.287781350482,6260.5,1999.7626072828093,525.323151125402,12.770342875070291,622,d,a,0.2937247471766153,-50.67465041382621,22.576485263367218,244,755
807,7669453,9820.042253521127,9708.0,1696.157904782434,982.1152368758004,9.947467400072666,781,a,a,0.1727240943565442,3.715055539497048,0.2559966073429248,58,94
808,5687084,7291.133333333333,7200.5,2029.228411553486,601.3910256410256,12.02156676611932,780,a,a,0.2783145388764644,3.9230477121603102,6.253330440304151,199,357
809,7317626,9393.61489088575,8503.0,3007.7611959581586,802.2130937098844,11.491021339477546,779,a,a,0.3201920912125607,0.3856889492610911,3.0391640463963627,73,124
810,4619798,5930.421052631579,5829.0,1270.8049934920136,488.8408215661104,12.049956097921244,779,d,c,0.2142857955976167,0.0522459325004903,1.8851412336914608,212,654
811,3239518,4132.038265306122,3955.5,871.7763158597786,682.7704081632653,6.020235758783308,784,a,a,0.2109797295875702,1.8802301672059551,-1.826868558850015,538,1015
812,4966087,6366.778205128205,6296.5,2075.06540615771,776.4487179487179,8.11063322939406,780,d,a,0.3259207937361979,0.4401545649355693,1.2381887470068222,173,560
813,4514925,5810.714285714285,5701.0,1159.823994919051,650.2406692406693,8.894195015793949,777,a,a,0.1996009333603775,2.35456483246041,3.258400042158055,350,683
814,6628829,8476.763427109974,8146.5,2607.114426982993,695.2659846547315,12.01209485241963,782,d,c,0.3075601259137474,2.3446278141780383,1.9399867952943228,44,200
815,5222211,8395.837620578779,8201.0,2236.923301331123,815.4372990353697,10.232675506464044,622,a,a,0.2664324159686306,-54.76980056698568,-13.677002700902015,258,497
816,3998667,5133.07702182285,4879.0,1331.6678591597602,742.6264441591784,6.852742767379044,779,c,c,0.2594287702090354,-7.525921452153722,1.1763064142765671,119,826
817,17057867,21757.48341836735,21872.0,4674.803919749232,3130.5739795918366,6.935960306780409,784,a,a,0.214859587841985,-8.056605994907462,-5.515412742552913,1,2
818,4772357,6110.572343149808,5637.0,1915.008612540925,635.2637644046094,9.454901427749292,781,d,a,0.313392675022942,12.081452068342957,5.00662893507301,194,612
819,4775423,6091.100765306122,5912.5,1231.053898057589,539.954081632653,11.23509490732678,784,a,c,0.2021069664566154,3.95565081656325,-4.404973259285887,319,611
820,7517399,12085.850482315112,11837.5,2169.8215340635165,1089.5916398713823,11.045695110217,622,a,c,0.1795340375291383,-50.36809360215848,13.697648114028691,63,104
821,5438993,6937.491071428572,6639.5,1855.8511391677723,851.1428571428571,8.058246036554182,784,a,a,0.2675104184005263,-0.301813067178269,4.222967161599168,238,440
822,6066329,7737.664540816327,7498.5,2271.4944711652142,636.6849489795918,12.003100246724252,784,a,c,0.2935633173528056,-0.2441201087742061,-0.7952636489136664,157,282
823,4549069,5802.383928571428,5637.0,1542.6382401659669,570.0012755102041,10.085183641354396,784,a,c,0.2658628348548061,8.444682532081977,7.191335783611678,345,675
824,5358101,6834.3125,6479.5,2016.137412720172,862.8239795918367,7.875030737769029,784,a,a,0.2950022277617788,22.87361200367914,0.85214688876052,249,464
825,2838137,4562.921221864952,4478.5,972.6004480079016,537.0546623794212,8.428174586843287,622,a,a,0.2131530220919267,-54.200450979996994,44.19661700882824,568,1065
826,6859209,8839.186855670103,8507.5,2076.40423496375,771.0863402061856,11.435657124260132,776,a,c,0.2349089649159064,3.311072973464999,4.0539354493004005,103,172
827,10000214,12771.665389527458,12559.0,3037.1940270534874,1663.441890166028,7.68702543433048,783,a,c,0.2378072032441386,16.398742547425474,11.14593703747584,21,33
828,4055958,5199.946153846154,5069.0,1690.6514668038426,587.0653846153846,8.734439986770155,780,d,c,0.3251286487944395,4.683714211336309,2.6323882157574268,259,806
829,4624043,5920.669654289372,5745.0,1450.4375329139991,790.9206145966709,7.417694044624753,781,c,a,0.24497862870346,-0.2647227062908225,0.1849541197941158,93,651
830,4816406,6174.879487179487,6066.0,2012.1282273825827,526.4589743589744,11.681208333924602,780,a,c,0.3258570845893005,8.008015801419353,5.128899636342651,315,600
831,9884733,12689.002567394096,11761.0,3617.6780104998384,1576.961489088575,7.941236568249516,779,a,a,0.2851034185930337,4.245955748614469,-0.5518773071359298,22,34
832,5115779,6550.293213828425,6525.0,1558.254093633538,554.4417413572343,11.720646226486036,781,d,a,0.2378907390502586,-1.5507276266744467,4.890393751019187,164,526
833,4293342,5511.350449293966,5261.0,1462.300837548586,506.18228498074456,10.74919607397182,779,d,c,0.2653253228953921,1.3660497091485986,-2.125673498097969,241,742
834,4600937,5868.542091836735,5755.0,1679.2045167904391,639.4362244897959,9.08643750322464,784,a,a,0.2861365719990741,-1.9774675218460975,6.194316602658997,340,661
835,3979293,5174.633289986996,4798.0,1571.41034243351,657.553966189857,7.7395098522648516,769,a,a,0.3036756914686526,4.481665511498799,9.328275863614111,428,830
836,4606682,5906.002564102564,5891.5,2157.746711944525,711.4615384615385,8.235178531419765,780,a,a,0.3653480824846885,2.872664639530988,5.723772553040845,339,660
837,2608765,3473.721704394141,3218.0,1496.003335484792,460.1531291611185,7.40386499858185,751,a,c,0.4306629784396367,64.17158417158417,14.60427439854059,586,1089
838,6246047,7987.272378516624,7546.5,1928.676035766256,817.7314578005115,9.664512100914646,782,d,c,0.2414686696992853,11.251750390894468,10.207374395941184,63,258
839,4019692,5127.158163265306,4884.0,1660.714018986388,647.0625,7.815403251539581,784,c,a,0.323905361626047,1.3499664598919514,-23.79602860419761,115,817
840,5738112,7319.0204081632655,7347.0,1920.4290693921423,1055.8354591836735,6.87172806530133,784,a,a,0.262388811930377,-1.0103535177315364,-3.7383360027738233,188,338
841,2318635,2972.608974358974,2907.0,1096.2626858685385,412.1730769230769,7.133115193946663,780,a,a,0.3687880563251482,-2.6401928567060517,-7.71936448252481,599,1110
842,11553523,18574.79581993569,18330.0,3788.985547608027,1149.242765273312,16.06402683335265,622,d,c,0.2039853134504681,-49.49784971081033,28.269285900611337,1,17
843,7423466,9468.706632653062,9254.0,2209.820955318876,1116.2448979591836,8.422157514969461,784,c,a,0.233381499823667,-9.686538287712828,-0.7167025319496343,15,111
844,3255217,4178.712451861361,3976.0,1472.467695792758,454.2284980744544,9.049888717707663,779,a,a,0.3523735391596193,0.7344099599737445,-2.1279004724324544,536,1013
845,3746964,4828.561855670103,4784.5,1022.4685088807432,357.9072164948454,13.444121478363028,776,d,a,0.2117542530142955,4.983021709479427,1.8628245073636789,294,894
846,7185993,9224.637997432606,8727.0,2785.1713483158965,864.620025673941,10.557185195130836,779,a,c,0.3019274413902272,5.914813773093321,0.4593727335619564,81,137
847,5518727,7111.761597938144,6870.5,1791.0227602147463,1010.7538659793814,6.975964565457635,776,c,c,0.251839538706416,1.6142669313657203,-3.8844665015618096,57,407
848,5059150,6630.602883355177,6168.0,2009.0482732225855,753.1743119266055,8.670237749715213,763,a,c,0.3029963200278373,10.322361753401822,6.32302071506514,284,541
849,6393691,8155.218112244898,7941.5,1779.377368862759,889.1390306122449,9.098249691531084,784,c,c,0.2181888141276147,6.36408392111721,4.266392027025889,32,235
850,4787781,6193.765847347995,5871.0,1812.7911974828944,652.2108667529108,9.360347386318956,773,d,a,0.2926799692079226,6.872682770220519,3.702206878565728,193,609
851,3392054,5453.463022508038,5304.0,1205.2140846230516,469.6961414790997,11.56630889158871,622,d,c,0.2209997720070311,-42.85680596771397,3.3407579835438224,316,981
852,3597687,4606.513444302177,4486.0,1374.596980147941,583.9308578745198,7.82804217985609,781,c,a,0.2984029020577782,-1.6377335387289174,-0.0390729901273881,127,930
853,7181892,9243.104247104247,8757.0,2129.0229199095,1020.2509652509652,8.99435952728391,777,a,a,0.2303363527006088,3.891941815506861,4.956512403367,83,139
854,5130172,6577.1435897435895,6417.5,1707.0356720107704,680.7346153846154,9.60242144700782,780,c,a,0.2595405815182027,-3.4351706108527345,-2.140403378605705,74,519
855,4477596,5762.671814671815,5438.0,1677.2923524872742,614.3603603603603,9.246400333265225,777,a,a,0.2910615781063347,4.904509991943237,5.476148079381689,357,694
856,5599626,7142.380102040816,6829.0,1467.8947430473836,957.8864795918367,7.40328897872192,784,a,a,0.205518989759164,-4.255532667112381,4.928656567877519,212,387
857,5815578,7446.322663252241,7285.0,1768.496212086755,922.9833546734956,8.012550463059345,781,c,a,0.2374992720654345,11.344644555520258,13.600071113142914,45,330
858,2957986,4755.604501607717,4604.5,946.9217121797428,418.0996784565916,11.325913614544676,622,a,a,0.1991170022359132,-50.73241599853288,27.129147643004625,560,1054
859,4667332,7503.749196141479,7317.0,1364.0745199930825,726.2524115755627,10.289286932141753,622,c,a,0.1817857292851027,-49.59951173003714,24.644887844291784,90,639
860,4521003,5781.333759590792,5610.5,1479.749147291542,732.0485933503836,7.81643897089054,782,c,c,0.2559529009783859,12.826397506790991,14.554572852362693,96,680
861,2674267,3500.3494764397906,3421.0,951.4999469278266,509.5523560209424,6.783942613894769,764,c,c,0.2718299853578044,21.61302094251872,11.112827118465846,144,1084
862,6715065,8565.13392857143,8314.5,2139.3988499707257,1118.1454081632653,7.624550520081326,784,a,c,0.2497799646581304,-3.220420176883961,0.2834681958956803,114,193
863,6836861,7707.847801578354,7872.0,2765.4636495350637,918.7023675310032,8.281102849961139,887,a,c,0.3587854509748847,1.7859689937262828,3.735584749527264,106,178
864,3316575,4268.436293436293,4245.0,1096.6027501421074,587.967824967825,7.222689136510507,777,a,a,0.2569097146485207,-0.4153030907893493,2.6553406627167586,527,1000
865,5894369,7566.584082156611,7517.0,1693.3303032001804,637.160462130937,11.794876046476308,779,d,c,0.2237905883043529,7.024575280497936,8.308715919562037,84,316
866,5368119,6873.391805377721,6744.0,1757.7295699747244,486.00384122919337,14.000052003851591,781,d,a,0.2557295756949985,7.702157922603902,3.1124616959439666,135,460
867,3809715,4329.221590909091,4325.0,1396.9670087099723,410.0977272727273,10.420434473881,880,d,c,0.322683184349689,3.4344840605016635,8.62851638289111,283,872
868,7480652,9578.29961587708,9431.0,1914.032324262151,652.1075544174136,14.616155145849152,781,d,c,0.1998300743369348,-3.300431832202344,5.392180561003655,21,107
869,4659180,5973.307692307692,5526.0,2050.0335211742718,870.0846153846154,6.726641097495217,780,c,a,0.3431990492996475,0.5546568575605119,3.3247161261105296,91,641
870,5349346,6929.204663212436,6872.0,1362.894351676007,868.5608808290156,7.967060360010208,772,a,a,0.1966884249951073,-0.3301517797244376,7.762695015780406,250,466
871,4889449,6260.498079385403,6014.0,1704.9262865662283,479.62996158770807,12.954303613434956,781,d,c,0.2723307738373433,14.539499679506878,13.643936208818388,181,579
872,6649861,8536.406931964057,8238.0,1943.2979481207688,821.7252888318357,10.368995572765243,779,a,c,0.2276482322842656,-0.8593694579283927,-14.11181829160216,117,197
873,2990009,3833.344871794872,3837.5,984.325402684014,456.2564102564103,8.370676056865713,780,a,a,0.2567797669149259,2.9268708934209404,-1.0706442166910688,556,1047
874,3593615,4583.692602040816,4430.5,1009.93157774199,509.7678571428572,8.92521320950834,784,a,a,0.2203314369930335,7.390810751291895,8.231571128142583,486,932
875,3943035,5061.662387676508,4885.0,1483.5336966375494,470.2310654685495,10.60725057664292,779,d,a,0.2930921865214615,-4.108571905261944,-0.1149968312496399,270,840
876,7069345,9228.909921671018,9042.0,4079.722505106529,1016.9791122715404,8.971384124532804,766,a,a,0.4420589798505521,5.735772675933485,-2.806712835963144,90,150
877,5103191,6331.502481389578,6079.0,1539.618220602506,873.4937965260546,7.185735287646366,806,a,c,0.2431679092171192,0.7871890193905705,2.652463812303091,276,529
878,6801666,8720.084615384616,8333.0,2411.594471562345,795.7294871794871,10.835740011466164,780,d,c,0.2765563154407507,6.730626524318392,-4.994492093468506,39,183
879,2340576,3762.983922829582,3585.5,1014.7831176702628,347.3263665594855,10.705929982925888,622,d,a,0.2696751138142506,-50.12370402592085,27.453522218646697,348,1109
880,5832985,7507.059202059202,7220.0,1592.9943338008236,790.2548262548263,9.454486444780054,777,a,c,0.2121995166048327,7.322173783007432,4.776800497708103,181,324
881,3274150,4203.016688061617,3857.0,1518.4597758850227,620.405648267009,6.6374345148840215,779,a,a,0.3612785502846335,5.766738889010749,-0.9020522088782896,532,1007
882,5081054,6607.352405721716,6228.0,1597.1014718312624,842.3420026007802,7.784882620333137,769,a,a,0.2417157998789701,-13.766145001237597,7.508201046397263,278,531
883,3714779,4768.650834403081,4714.0,1301.1809402870413,502.617458279846,9.44193311124928,779,a,a,0.2728614414164625,-0.1792237799356792,1.513710938354882,466,901
884,3443958,5536.90996784566,5179.5,1465.6397574040525,530.0691318327974,10.333338664973711,622,d,c,0.2647035559392189,-47.34745474769685,32.58861041352549,314,972
885,4235932,5458.675257731959,5491.0,1378.2117970878764,729.2448453608248,7.409815248141502,776,a,a,0.252481001711121,27.948064039655332,15.58653601963938,393,754
886,5018882,6442.724005134788,6246.0,1732.63578562583,609.0012836970475,10.48672249862933,779,a,c,0.268929071654309,5.023202221940756,5.382681636432173,292,553
887,5317050,6887.370466321244,6481.0,2028.9163049037595,577.1282383419689,11.766745797774696,772,d,a,0.2945850400853297,-1.871389419235115,6.949743745841179,142,472
888,6271013,7998.741071428572,7752.0,1752.3440453224034,743.4094387755102,10.67413374082217,784,d,a,0.2190774810278282,12.269268382128232,10.461143864011197,57,250
889,3232661,4144.43717948718,4098.0,1241.374563160271,452.9538461538461,9.047989283630685,780,d,a,0.2995278995431353,3.4338979130800187,2.8509066675626937,324,1016
890,3563801,5729.583601286174,5457.5,1551.8107521704785,444.6768488745981,12.730327071378085,622,a,a,0.2708418028532001,-49.33262253510327,30.678446944310323,492,942
891,6189692,7976.407216494846,7625.5,1929.9837770735812,1097.4600515463917,7.214570626134688,776,a,c,0.2419615404141432,1.719620895157058,-6.212831500446887,147,268
892,5927347,7599.162820512821,7609.0,2802.731287601961,780.0474358974359,9.639833308496918,780,a,a,0.368821060135256,1.4969855742880895,0.2421764524117943,175,313
893,3978679,6396.59003215434,6143.5,1283.8240936652346,827.8536977491962,7.689250115370891,622,a,a,0.2007044514673779,-51.15922785168176,19.605626351873106,429,831
894,6529198,8468.47989623865,7878.0,2641.816133096477,1034.7120622568093,8.058901098086444,771,a,a,0.3119587181484439,-0.0058276421320289,2.3085225455708347,130,217
895,7248912,9329.359073359074,9044.0,1754.934759125469,881.7207207207207,10.522150252134994,777,a,c,0.1881088234814396,5.754800110528676,6.749364291298868,79,133
896,5439130,6937.665816326531,6662.5,1403.6280933073697,1087.7448979591836,6.345409485717394,784,a,c,0.2023199344661697,0.9276275321222692,4.334673018400339,237,439
897,2717511,3492.9447300771208,3267.5,1810.4618005647724,345.61053984575835,10.10270423760499,778,c,c,0.5183196244060808,-9.78970875341927,11.578307936314506,143,1080
898,5173270,6615.434782608696,6585.5,2874.480458801762,710.9194373401534,9.21555224441964,782,a,a,0.4345111928785812,0.1022231019199402,5.070256985628039,263,503
899,4109286,5268.315384615385,5115.0,2134.6650542851858,562.5115384615384,9.189598737579336,780,d,a,0.4051893059627499,2.072745214180713,-0.5667065300537617,252,787
900,3635287,5844.512861736334,5633.0,1179.3797650753102,549.0257234726688,10.58719366727426,622,a,a,0.2017926545763355,-49.5933467102426,30.00241575781144,482,926
901,5669137,7231.0420918367345,6945.5,1942.9145575119296,638.7066326530612,11.218932729515268,784,a,c,0.2686908100984952,-0.9061106059614678,0.4085554629017263,202,362
902,3039385,4886.471061093248,4791.5,926.1422185518044,628.9405144694534,7.74100166656367,622,a,a,0.1895319151536321,-54.07932305557787,14.584275736496965,550,1039
903,7300878,11737.745980707396,11528.0,2210.192279605104,817.7765273311898,14.309483740738512,622,d,c,0.1882978455350678,-49.742818561433445,18.48629028246255,24,126
904,3742423,6016.757234726688,5936.5,1402.980690739137,513.9887459807074,11.614956025282858,622,d,c,0.2331788762627161,-53.37182947802417,20.83443831856143,295,896
905,6645066,8530.25160462131,8170.0,2654.032115728464,1267.4505776636713,6.653586972368073,779,a,a,0.3111317507083411,-24.15851216429251,-17.2702725485075,119,199
906,8535775,10929.289372599233,10407.0,2663.4615289423946,1270.8450704225352,8.525241130482097,781,a,a,0.2436994243761123,-5.410133590335193,-2.728206002495208,34,53
907,4884914,6270.749679075738,6095.0,1400.1045408028062,829.3286264441592,7.518646322303187,779,a,c,0.2232754634545022,13.237859674777184,9.98558293665761,305,583
908,3307400,4234.8271446863,3920.0,1593.0632867112809,363.07426376440463,11.37694331764023,781,a,a,0.3761814195203212,-4.885026701675698,-1.324195593324881,528,1003
909,6512493,10728.98352553542,9903.0,3252.0895683828026,1020.0939044481056,10.354496315419448,607,a,c,0.3031125512163101,-49.55533537588333,20.19636352888944,131,223
910,4452869,5708.80641025641,5417.5,1670.3389837474244,573.5705128205128,9.812290999783174,780,d,c,0.2925898802149785,3.450211649135019,7.157864120328111,228,699
911,7749768,9884.908163265309,9494.0,2244.5120571511748,909.420918367347,10.791750677560398,784,a,c,0.2270645331326719,3.056346030943271,1.7851318978603992,55,90
912,4520528,5765.979591836735,5605.5,1347.9567725376914,758.6454081632653,7.548220885882339,784,c,c,0.2337775829879939,1.1010447367515683,5.33074172625977,97,681
913,6900317,8892.161082474227,8506.5,2469.647846612351,1162.458762886598,7.544833384907104,776,a,a,0.2777331431253352,-4.198348849591937,0.1611978556382177,101,166
914,7453259,9506.707908163266,9263.5,2372.194280913709,1133.428571428571,8.331856303482276,784,c,c,0.249528470194897,2.563531102460296,2.511521302152277,14,109
915,3942303,6338.1077170418,6128.0,1588.560840995464,513.6816720257235,12.265642192980096,622,d,c,0.2506364536412291,-51.96604941238546,30.12566861864583,271,841
916,4176608,5382.226804123711,5260.0,1112.629195445649,704.5567010309278,7.588117846781701,776,a,a,0.2067228372080462,3.043600982721369,4.901935293760779,401,767
917,5221594,6702.944801026958,6504.0,2004.1401096758095,741.2862644415918,8.962584604950225,779,a,a,0.2989939749121543,-0.436886058310354,-0.4236217198645031,259,498
918,4046072,5187.271794871795,5159.5,1631.1399891359797,552.9435897435898,9.276157357698944,780,a,c,0.314450457511894,4.198009192863933,2.663508990234841,419,807
919,3438093,5536.381642512078,5344.0,1651.660624043964,676.6489533011272,8.078615631216666,621,a,a,0.2983285348974858,-51.047005444646096,20.601636445199105,510,973
920,3585330,5764.196141479099,5631.0,1202.14604137093,581.6848874598071,9.845820871653268,622,a,a,0.2085539790570794,-48.32324219848802,40.18066991572528,490,936
921,7389638,9473.894871794872,9691.5,2958.319432233705,1094.5935897435895,8.689957660125854,780,a,a,0.3122601076185721,-8.799348154892385,-1.6502800970912734,67,114
922,5739531,7405.846451612903,7327.0,1509.9467856563288,713.4245161290322,10.320503154755825,775,d,a,0.203885780716866,3.505065482313384,3.250631079306733,91,337
923,4167230,5315.344387755102,5227.5,740.8206927928795,640.0956632653061,8.319017445885516,784,a,a,0.1393739781940564,0.3203496676895287,4.238717222313313,403,770
924,3702496,4752.883183568678,4527.0,1432.6371051404913,450.14505776636713,10.442978434561123,779,a,a,0.3014248509395939,-0.2880893843029583,-2.153135823332942,470,906
925,5147464,6693.711313394018,6539.0,1690.589069978477,1198.8751625487646,5.602993160302949,769,c,a,0.2525637857425421,6.092857083092782,6.300819455458631,72,510
926,5655998,7260.587933247753,7040.0,2007.8751096486928,542.630295250321,13.217572320743123,779,d,c,0.2765444242406613,8.337349513720879,3.268418891806682,103,371
927,5059388,6553.611398963731,6041.0,2084.832036213322,871.4067357512953,7.396217831124828,772,a,a,0.3181195693939039,1.7965467035868803,3.681210967162224,283,540
928,6243438,8014.682926829269,7592.0,2482.275531802988,692.612323491656,11.387988256980083,779,d,c,0.3097159993059156,7.945116411906433,1.5510997385237075,64,259
929,4559231,5815.345663265306,5624.5,1333.1016826187108,711.1581632653061,8.117964536146301,784,a,c,0.2292385972926288,2.2597653344910977,3.032548419361984,344,674
930,5569973,7150.1578947368425,6987.0,1747.2964594471623,1170.7008985879334,6.065245220952211,779,a,a,0.2443717306904969,-4.9514187371416,-1.0839559034147002,217,392
931,3140234,3588.8388571428573,3552.0,1226.4619400858885,441.7017142857143,8.149123754090185,875,a,c,0.3417433852302575,2.686286280603116,3.354435428314515,541,1024
932,4607215,7395.208667736758,7199.0,1896.2815487196997,731.0674157303371,10.034648991644644,623,a,a,0.2564202896657466,-52.45504550419289,22.73702277734748,338,659
933,5718554,7331.479487179487,7261.5,2417.794707706986,905.2923076923076,7.982069637132769,780,a,c,0.3297826464542346,1.6646683990074913,6.251358349862449,194,349
934,5268860,6763.620025673941,6483.0,1848.0549976819057,679.6110397946085,9.856762577535626,779,a,c,0.2732345978435951,3.239001236488373,1.73477074324284,254,481
935,4430153,5650.705357142857,5608.0,1676.2373577027338,600.4260204081633,9.324528394548032,784,a,c,0.296642144964055,4.487096666140293,6.043673213070722,364,706
936,5496846,7056.284980744545,6842.0,1423.9169314531705,891.3863928112966,7.869434507959772,779,a,a,0.2017941360558436,-7.145016121871482,0.0856639963592801,226,416
937,5648895,7232.900128040973,7050.0,1895.194974141923,585.4865556978233,12.230044342125304,781,d,a,0.2620242144357156,2.6856517370762325,8.783749298218751,105,374
938,7375962,9408.114795918367,8957.5,1923.272627204668,963.7079081632652,9.696003756419358,784,a,a,0.2044269940285022,1.0984905491465875,1.4738572594152808,70,117
939,4656745,5977.849807445443,5852.0,1475.554082425936,576.5096277278562,10.275528312606925,779,d,a,0.2468369279850634,2.714690701196605,1.261938357282038,208,643
940,5657022,7252.592307692307,6857.5,1967.9182925371924,743.0179487179487,9.648161507230846,780,d,c,0.2713399856283058,7.49440301647954,7.514367091293586,101,369
941,3129057,5030.638263665594,4645.5,1267.752265284578,554.0948553054662,8.981605909500605,622,a,a,0.2520062462930549,-49.43851048566408,26.65531787908793,542,1025
942,4731583,6058.364916773367,5922.0,1589.7513065460976,470.4174135723432,12.75855221458204,781,d,c,0.2624060003623528,6.594515013170556,7.249410329826452,200,622
943,5428994,6969.183568677792,6743.0,1481.38313780183,605.8241335044929,11.431045586323105,779,d,c,0.2125619340061207,5.193912974152483,4.3360914040314,127,446
944,6217518,7930.507653061224,7550.5,2195.4066968188104,1229.5242346938776,6.385561564546348,784,c,a,0.2768305375723797,-4.139367226026634,-2.011433843268627,39,261
945,3429965,4374.955357142857,4273.0,1104.6450060177356,530.8864795918367,8.239783572278403,784,a,c,0.2524928635475594,-0.7404372012966608,2.986301666716328,511,974
946,3274470,4203.427471116816,4026.0,1137.461014135788,532.6367137355584,7.805768605294903,779,a,a,0.2706032212882631,-3.8780537098281656,3.2056348375893315,531,1006
947,6470539,8392.398184176394,8343.0,1749.954678729449,1140.2970168612192,7.329636949884816,771,a,a,0.2085166409321395,-5.947357111179184,-0.936065604425796,135,228
948,6437314,6936.760775862069,6689.0,1838.0129892183363,1712.427801724138,4.018879588706811,928,b,b,0.2649670427750792,26.218670277258244,13.62013423891756,13,233
949,4194405,5350.006377551021,4980.5,1842.5656078187185,496.9119897959184,10.508256994534152,784,a,a,0.3444043759555587,0.8759652703498485,0.3741274437425935,397,762
950,4450296,5742.317419354838,5436.0,1597.6966842866054,562.3135483870968,10.099697972475262,775,a,a,0.2782320390199032,-3.763958807726167,2.1354654613849773,361,701
951,6058267,7776.97946084724,7572.0,1938.2296707684095,718.8331193838254,10.705209428003313,779,d,c,0.2492265384686068,8.737150384073946,7.555678132482696,75,285
952,4085326,6568.048231511254,6470.5,1285.4844926807918,530.2202572347267,12.33955809586084,622,d,c,0.1957178825991983,-53.53097907030284,14.526878485640896,256,798
953,4162942,5323.455242966752,5244.0,1888.7039957403629,542.5946291560102,9.698508719056138,782,a,a,0.3547891190098166,3.558361327231266,3.37317491894839,405,774
954,5426552,6966.048780487805,6557.0,2043.24214495322,905.397946084724,7.5902594073343215,779,a,a,0.2933143607429834,7.434612867555795,-4.580758140079364,243,447
955,3676529,4719.5494223363285,4526.0,1380.1196368017927,456.7021822849807,10.187936500511055,779,d,c,0.2924261435360897,23.632072086311325,5.499950948561391,299,915
956,2992188,3855.9123711340208,3638.5,1499.1825884800014,496.2860824742268,7.677632497188977,776,a,a,0.3888010006926306,-10.175283655512873,-15.756102949298576,555,1046
957,6192726,7898.885204081633,7459.0,2509.547441219178,850.6683673469388,9.16158662681272,784,d,c,0.3177090660745906,4.105470434767216,7.568156505382699,67,266
958,3327635,4244.432397959184,4172.5,972.203567035311,562.7321428571429,7.510677066298246,784,a,a,0.2290538465173265,-15.609853528628497,1.907439864000913,525,997
959,5528325,7051.434948979592,6987.0,1930.9657595619765,744.5956632653061,9.401326580841634,784,a,c,0.2738401153146005,-0.36927059897739,5.804822077844668,221,406
960,5251132,6723.600512163893,6406.0,1782.3124525925325,553.0614596670935,12.01205423023888,781,d,a,0.2650830383762525,5.0337861904035,4.3447845246199615,148,486
961,5080588,6521.935815147625,6224.0,1462.0228120025631,688.8356867779204,9.395111808078676,779,d,c,0.2241700705804125,2.9196393246776084,2.5214224317450755,165,532
962,5125011,6690.614882506528,6114.0,2135.9058696886377,908.748041775457,7.243301934450403,766,c,a,0.3192390994246639,5.93652676927992,6.63720453482171,75,522
963,8385406,10764.320924261874,10216.0,4507.548865345991,1016.2130937098844,10.444154652727722,779,a,c,0.4187490225404144,1.8710616732412515,5.856526617357109,36,55
964,7534699,9759.97279792746,9463.0,2387.7751634995093,1395.30310880829,6.944423072425982,772,a,a,0.2446497764836553,4.081161552605981,-5.997396069038982,62,102
965,6626600,8484.763124199744,7824.0,2498.334722595354,905.4852752880922,9.24421365817821,781,a,c,0.2944495545750417,3.4086510651644004,-4.089696830392001,120,202
966,3753283,4818.078305519897,4712.0,1055.456063307444,610.2567394094993,7.873126211590423,779,a,a,0.219061625067041,3.8755745852732817,2.006444244947719,463,892
967,6731473,8641.172015404365,8373.0,2227.2684294327846,923.3247753530168,9.323782714728267,779,a,c,0.2577507339817212,-10.729497171101826,-1.6331067859691528,112,191
968,5609742,7191.976923076923,7167.0,1799.5567659909757,875.9666666666667,8.163363064261274,780,c,a,0.2502172608781225,6.186528343632406,2.4349232165524444,51,381
969,2645117,3503.4662251655627,3393.0,946.129109387101,599.1337748344371,5.788568185482787,755,a,c,0.2700551535479381,25.09729919631608,13.142777053824837,582,1085
970,2573975,3295.742637644046,3330.0,1185.538583259798,400.1690140845071,8.186374954153916,781,a,a,0.3597181921059459,-2.674806334728556,-6.133714361440952,587,1091
971,6392792,8270.106080206986,7970.0,2397.1299563420653,985.3285899094436,8.262354524918331,773,c,a,0.2898548015096402,2.324238487079544,3.8731299253927327,33,236
972,2402627,3422.545584045584,3295.5,1468.5455467514334,387.8034188034188,8.637678437010438,702,a,a,0.4290799087080543,-20.72004288194188,70.8898366279875,597,1106
973,5017528,6440.985879332477,6046.0,1941.35235602334,789.8729139922979,8.042516403389303,779,d,c,0.3014060878867405,26.970934442721823,14.776568587934973,170,554
974,7178474,11540.95498392283,11199.5,2171.218636697064,1561.4212218649518,7.361519466364929,622,a,a,0.1881316268646475,-51.42927685156554,30.599272411530755,84,140
975,6010559,7715.736842105263,7417.0,2031.3207143483428,743.8331193838254,10.28593959550629,779,a,c,0.2632698283932258,-4.297829337682584,3.784973239760556,163,293
976,5433498,6974.965340179718,6609.0,2163.969428857191,717.7394094993582,9.571819813394622,779,a,a,0.3102480547668834,4.807102983319253,-1.4748274640947454,241,443
977,2974291,4774.142857142857,4079.0,1831.7900318313175,510.58105939004815,9.098637028758157,623,a,a,0.3836898238373148,-54.15215552542191,17.376427024628942,558,1049
978,5626588,7213.574358974359,6852.5,1968.270757530949,971.5769230769232,7.331588413963432,780,c,c,0.2728565146184757,10.482720118317117,4.747480640629213,50,377
979,4898808,6264.460358056266,5921.5,1856.626093496303,636.3823529411765,9.674234384098463,782,a,c,0.2963744660158366,7.569567657930191,7.561762156313703,303,578
980,5468281,7019.616174582799,6517.0,1963.9419642301064,554.7676508344031,12.52372527440568,779,a,a,0.2797791097668998,-0.794889992902768,-2.355721413482167,231,429
981,5700952,7308.912820512821,6976.0,1999.275776471924,754.225641025641,9.570142570422204,780,d,c,0.2735394203719135,1.7754561999820986,4.888375240504783,97,355
982,6285458,8058.279487179487,7540.5,2371.8765397323527,691.6628205128205,11.499229424655525,780,d,a,0.2943403171242629,8.194693256135135,1.188948383427859,56,249
983,7941077,10259.789405684754,9860.0,3233.18963876202,1379.9302325581396,7.3477476814108655,774,a,a,0.3151321641134827,-20.67082491895145,-9.809156247723005,50,82
984,4708162,6067.219072164949,5908.0,1832.4117204481597,740.3492268041238,8.084053156431057,776,c,a,0.3020183874445636,5.214389130192672,7.711069853346032,86,630
985,6516900,8387.258687258687,8111.0,2253.499137939861,774.7541827541828,10.768316067181903,777,c,c,0.2686812487807504,-1.125871327971437,8.758367532597342,29,222
986,4802035,6220.252590673576,5732.0,2140.170593872192,828.0867875647668,7.417854442647092,772,a,a,0.3440649013323169,-21.62693185909677,-12.51562224548666,316,605
987,5368327,6847.355867346939,6690.5,2058.5839079064644,867.4655612244898,7.793733456286317,784,c,a,0.3006392464167455,-0.9821904283578184,1.4279651201130874,65,459
988,3683288,4698.071428571428,4548.0,989.2181168774766,722.5076530612245,6.486385262099403,784,a,a,0.2105583390796325,-2.650230722329646,0.2156594948780869,475,914
989,3260812,5242.463022508038,5114.5,1363.432456059906,573.5450160771704,9.07577368260058,622,a,a,0.2600747874054872,-51.45392967516099,22.99093576098825,534,1011
990,4999125,6409.134615384615,6202.5,1718.8457387933756,573.4807692307693,11.04846109468524,780,d,a,0.2681868679536585,3.0852184938868734,1.116420721685293,171,556
991,4484520,5756.765083440308,5704.0,1341.034925333549,536.7509627727857,10.653630497028686,779,a,a,0.2329493918713339,1.6589806657371968,5.997218816564802,354,689
992,4452757,5715.991014120667,5589.0,1523.9217811406313,701.1424903722722,8.09838441552116,779,a,a,0.266606748921747,-3.0641941376404653,-3.865188440195028,360,700
993,5942063,7618.029487179487,7292.0,2158.206228247896,752.8294871794872,10.01248644053566,780,d,c,0.2833024251061221,-2.4886485617188385,9.077457422364269,81,306
994,3536283,4539.516046213093,4218.0,1733.8653900858524,442.01155327342747,10.04643321954831,779,a,a,0.3819493911762376,2.4415002457732715,20.71235816013928,498,953
995,7226190,9264.346153846154,8892.5,2133.758178601247,788.1205128205128,11.65794699119652,780,d,a,0.2303193493817589,8.392152870468822,5.341415529048852,26,134
996,4993206,6510.0469361147325,6101.0,2249.458994520485,696.7144719687093,9.1510068366904,767,c,a,0.3455365247893261,9.879004390543756,14.250655757954473,79,557
997,4028334,5157.918053777209,4870.0,1583.649829671888,412.3226632522407,12.305365434040873,781,d,c,0.3070327626690697,-4.142604209928086,1.0266438246813463,261,812
998,3354263,4316.940797940798,4123.0,873.2756937028817,534.2767052767052,8.032046385876972,777,a,a,0.2022904029908027,2.143199280802443,4.735103716040693,518,986
999,7163321,9183.744871794872,8818.0,3111.9937011804423,660.401282051282,13.675708441534066,780,d,c,0.3388589017469334,0.9643685773371572,3.294296727622222,28,146
1000,4635525,7452.612540192926,7275.0,1493.9423801272917,681.1495176848874,10.873291506309872,622,a,c,0.2004588823141231,-57.0063638637178,26.76644908629125,333,649
1001,4239004,5420.721227621483,5101.0,1809.7960776841812,621.002557544757,8.583795492945015,782,c,a,0.333866288578409,3.3736919035447483,12.761823045475191,103,753
1002,4753790,6063.507653061224,5872.5,1398.918777866605,717.3686224489796,8.375952538685786,784,d,c,0.2307111424457997,8.871679766669306,8.85802687873238,197,617
1003,5751204,7382.803594351733,6811.0,2604.378920516809,773.1065468549423,9.404993714697373,779,a,a,0.3527628613213153,-7.482648617895145,-0.747233580713719,187,335
1004,3212907,5165.445337620578,5017.5,1460.2248495827405,451.9003215434084,11.268117573105092,622,d,c,0.2826909887028989,-52.01947707873072,36.775448670339536,326,1019
1005,4834459,6205.980744544288,5888.0,1317.1705559295171,936.6919127086009,6.581480355866953,779,a,a,0.2122421274167583,0.0600345666525356,2.9701458061292314,310,591
1006,4970130,6371.961538461538,6090.5,1632.878202183433,866.2525641025641,7.273375308859247,780,c,c,0.256259896160277,11.916057221516354,8.868646449205315,80,559
1007,5485024,6996.2040816326535,6933.5,1880.950320715548,816.1454081632653,8.480868363765294,784,c,c,0.2688529806689978,7.453948921351444,7.224748328803043,60,423
1008,4179585,5331.103316326531,5028.0,1386.014845802859,716.6517857142857,7.344981863880685,784,a,c,0.2599864912687363,5.269427999800058,5.69162011415063,400,766
1009,2968299,4772.184887459807,4663.0,1041.5498436813723,458.1495176848875,10.399574867414923,622,a,a,0.2182542940484815,-51.0831743574535,21.006465446196053,559,1050
1010,6957339,8874.156887755102,8732.5,2387.302725583745,807.4706632653061,10.88723599568296,784,d,c,0.2690174126713757,8.129823116572856,8.164776287939631,31,160
1011,6137147,7878.237483953787,7548.0,2059.642716497554,943.3273427471116,8.273000227800061,779,a,c,0.2614344541774206,11.72253482103098,-15.883146314587194,151,272
1012,3762920,6049.710610932476,5984.5,1295.7494762372194,517.0128617363345,11.634224159708417,622,d,c,0.2141837121755313,-49.152874150254,13.708703812559778,291,890
1013,3110984,3993.560975609756,3827.0,1325.4476422152857,443.1412066752246,8.890047607231693,779,a,a,0.3318961824572892,4.024357646429884,-7.015115750174915,546,1030
1014,9509102,12206.806161745828,12082.0,4571.511121651807,1349.6469833119384,8.953253131378556,779,a,c,0.374505096671248,6.431624952694505,-9.76876337928539,23,36
1015,4705183,6040.029525032092,5744.0,1514.2043539777908,492.4749679075738,12.14692661412812,779,d,c,0.2506948596364262,5.364334202647454,4.688035422081048,204,632
1016,4213934,5409.414634146341,4956.0,1920.6685201672385,500.1925545571245,10.573167567953536,779,c,c,0.3550603253895952,4.342408335023387,8.411380140814984,104,759
1017,5539437,7203.429128738621,6988.0,1712.6731909030134,1015.7542262678804,7.030350384694843,769,c,a,0.2377580399965587,-6.558326838835579,3.0353814480917984,55,399
1018,9187204,11748.342710997442,11256.5,2843.848280940955,1359.4782608695652,8.564486429868728,782,c,c,0.2420637830286371,-0.3325220176940204,-0.264667115725734,6,40
1019,5651236,9071.00481540931,8673.0,2633.3482528668887,753.5682182985554,11.854929891114732,623,d,c,0.2903039196267987,-48.44863718536804,9.558224443148006,104,372
1020,7054345,9032.451984635083,8982.0,1822.181849916722,1109.910371318822,8.097389949064258,781,a,a,0.2017372307117046,-4.1371215432915305,-3.308409978164494,92,154
1021,6835866,8877.748051948052,8801.0,1469.162904497215,1062.009090909091,8.326515659507928,770,a,a,0.1654882404749969,-1.387787515677467,12.177519798193686,107,179
1022,5706179,7325.00513478819,6805.0,2132.6817959196637,823.0231065468549,8.758874670832839,779,a,c,0.2911508943237528,9.39243849932912,1.7313946741294162,197,354
1023,4799042,6152.617948717949,5839.5,1827.8348451068543,630.1679487179487,9.65197194887508,780,c,a,0.2970824550365148,-7.693770378117187,0.4263562445483005,85,608
1024,4810209,6135.470663265306,6092.0,1383.57764048891,785.4336734693877,7.748186394221474,784,c,c,0.2255047275790522,0.7746239384827978,2.9215077807261123,84,602
1025,5762189,7425.501288659794,7231.0,1343.32378918077,866.6997422680413,8.523896710658526,776,a,a,0.1809068151711576,-2.839664888165684,1.5135222869200025,185,332
1026,7397085,9495.616174582798,8964.0,2753.180198599273,1180.2888318356868,7.932209747420139,779,c,a,0.2899422373419845,0.0261448339803042,4.269491297423725,16,113
1027,8163847,13104.088282504012,12170.0,3754.721073670889,1657.9325842696628,7.790354473427312,623,a,c,0.2865305080921976,-51.36600278536337,20.28828998027984,44,70
1028,3686723,4732.635430038511,4269.0,1781.5819580046198,546.5802310654685,8.472190358167614,779,a,a,0.3764460593555845,12.568666661097131,5.656872416915877,474,912
1029,4224868,5416.497435897436,5617.0,1983.785013416089,757.7217948717948,7.164954878446059,780,a,a,0.3662486758082263,3.1518723041841805,1.990933691197364,394,758
1030,2816323,3610.6705128205126,3525.5,1430.31299047936,331.9179487179487,10.726742895738523,780,a,a,0.3961350074454886,-2.0003671892028283,2.465692089980031,572,1071
1031,3773364,4843.85622593068,4457.0,1495.198201087862,417.9691912708601,11.41405148532952,779,d,a,0.3086793107284228,3.202570203137283,0.3345542775820638,289,885
1032,7172255,9195.19871794872,8929.5,2936.946415802017,964.276923076923,9.484802137579608,780,d,c,0.3193999940500683,-0.9375319222146355,4.165347256012007,27,143
1033,10870270,13865.140306122448,13585.0,3290.3356602008994,1299.2308673469388,10.596142003446978,784,a,a,0.2373099433222454,-1.83369016460842,6.250352208607492,13,20
1034,5072945,6503.775641025641,6278.0,2681.1360575984454,728.3974358974359,8.85912186529381,780,a,a,0.4122430116878435,3.534734766677874,1.6750640580686502,279,533
1035,3803794,4876.658974358975,4728.5,1913.5637391885664,577.4653846153847,8.337969177582247,780,a,a,0.3923923631424524,-1.6029561722951915,0.5024951400362972,457,878
1036,3884252,4986.202824133505,4890.0,1109.7596453185793,471.594351732991,10.510061889113562,779,d,c,0.2225660857491154,5.781040485482725,10.196429478238995,279,853
1037,5387026,6906.44358974359,6558.5,1757.6180296129387,873.9474358974359,7.838138738689213,780,a,c,0.2544895946479731,0.5910724842265079,-7.602191655077174,246,454
1038,3668097,5897.262057877813,5732.0,1382.6491167929707,513.4372990353697,11.398419020880336,622,d,a,0.2344561091610248,-54.75593956728798,21.600644853001512,300,919
1039,6307879,8181.42542153048,7875.0,2293.832900893836,1037.385214007782,7.79197351141574,771,a,c,0.2803708134840803,15.626533687593462,-1.4242820743313205,143,246
1040,6775360,8697.509627727855,8136.0,2436.737460891788,866.1540436456996,9.921082723118168,779,a,a,0.2801649627524888,5.794991080513026,0.3236054701858247,110,188
1041,3801487,6111.715434083601,6129.0,1061.2784474615655,655.9726688102894,9.283510713295064,622,c,a,0.1736465741750777,-52.93452346213786,23.9944292188162,120,879
1042,3218244,4131.250320924262,3941.0,1204.3109776266926,546.8575096277278,7.451063121432909,779,a,a,0.2915124681569183,4.036704167134637,-1.81828460973108,539,1018
1043,6858406,8792.828205128206,8569.5,2357.417478270296,1206.9807692307693,7.228789945295107,780,c,a,0.2681068506371351,-4.28751653785814,-3.545158140646935,24,173
1044,5145309,6622.019305019305,6497.0,1646.96637115626,894.7554697554698,7.33332008379275,777,c,a,0.2487105964653267,0.9704301692772186,-1.429076473619688,73,512
1045,6654188,7535.886749716874,7532.0,2511.7153787048446,915.246885617214,8.156928352338584,883,a,c,0.3333005739237271,0.2567205154861189,4.626214085079021,116,196
1046,6784716,8698.353846153846,8225.0,2537.9429123534605,684.0641025641025,12.535735919127236,780,d,c,0.2917727833612636,6.232681245739984,8.49004112544308,41,186
1047,3791124,4885.469072164949,4638.0,1456.6561713811802,525.6469072164948,9.171408472499609,776,a,a,0.2981609646616138,0.8087544203455794,3.1820684916032835,458,882
1048,5392653,6887.168582375479,6559.0,1996.8399779088063,531.5823754789272,12.76854125909593,783,d,c,0.2899362712013169,8.563129641885432,10.892049894316123,131,453
1049,2478906,3985.379421221865,3776.0,870.235158453739,636.2572347266881,6.224789869136052,622,a,a,0.2183569157355001,-51.787925683728645,19.922458837503168,593,1100
1050,5771211,7389.514724711908,7103.0,1917.1951304059096,517.7234314980794,14.130738793632656,781,d,c,0.2594480425073724,4.860135059001067,-1.9076648246002428,89,331
1051,5737921,7490.758485639687,7206.0,2053.47143867104,1006.3446475195824,7.347644881457577,766,c,a,0.2741339802381414,5.2628027702885705,10.039965743648304,47,339
1052,5662859,7269.395378690629,6921.0,1950.310594282063,756.0770218228498,9.519278287932416,779,a,c,0.2682906201524225,2.862179259233261,0.1783312892145457,205,365
1053,7002929,8932.307397959185,8289.5,2576.3525294912483,1009.7729591836736,8.705176523049811,784,a,a,0.2884307956172536,2.561258411302646,-1.0307933442046768,96,159
1054,4730838,6034.232142857143,5803.0,1797.535846932945,616.9757653061224,9.685960675370024,784,a,c,0.2978897404636195,5.170821843497129,5.343952283677673,324,623
1055,6197127,7914.593869731801,7710.0,1916.6025503807664,990.4061302681991,7.910537151912701,783,c,a,0.2421605684292318,0.8044773367834858,-0.3113074179064026,40,265
1056,2415557,3877.298555377207,3688.0,1142.9809523107422,369.8362760834671,10.369382840446,623,d,c,0.2947879653800727,-41.46820817264973,37.96490610487551,346,1104
1057,5036413,6423.996173469388,6340.0,1404.566734843531,640.4119897959183,9.968495387715356,784,d,c,0.2186437689119872,1.5756348638590527,4.805948461212801,168,547
1058,5658141,7263.338896020539,7015.0,2097.7248081822013,700.9101412066752,10.26231456144675,779,a,c,0.2888099864556105,2.836540786228906,3.7609088462573528,206,368
1059,6604849,8424.552295918367,8216.5,1833.3532467939303,1153.751275510204,7.2406364006522415,784,c,a,0.2176202583111955,3.297106640415595,8.743498743498744,26,208
1060,5707977,7327.31322207959,6980.0,1889.0170876127136,848.1065468549423,8.54073580304102,779,a,c,0.2578048774986836,4.422396987264438,2.1398750637747166,196,353
1061,5732970,7378.339768339768,7156.0,1785.7136226564078,554.7310167310168,13.19939281120312,777,d,c,0.2420210614749473,16.128263057891026,10.975020082802942,94,342
1062,4990259,6405.980744544288,6081.0,1815.0075692658963,592.428754813864,10.650226031152837,779,d,a,0.2833301631154081,-1.483743736523454,1.0801258841264851,172,558
1063,3348689,4271.286989795918,4015.0,1112.879292569736,530.9451530612245,7.95464608875185,784,a,c,0.2605489388159584,5.508224938431479,13.009961455674024,520,988
1064,7365896,9455.578947368422,8970.0,2060.197402968055,1067.8587933247754,8.800906552652393,779,a,c,0.2178816775192203,4.682155683049043,6.155350904272716,71,118
1065,2611257,4198.162379421222,4131.0,1096.2907822409777,485.2636655948553,8.577872947093086,622,a,a,0.2611358692590917,-50.35569501753766,21.23320265584989,585,1088
1066,8626583,11073.919127086008,10732.0,1924.0053878629649,1125.9268292682927,9.804791193217726,779,a,a,0.1737420479400997,2.534995194599904,-4.160466458137204,31,49
1067,3580348,5756.186495176848,5558.0,1254.5067833660244,490.3729903536977,11.656829944808331,622,d,c,0.217940607799484,-48.37515715424397,27.314589974823583,303,937
1068,3451074,4441.53667953668,4287.0,1128.255579917165,309.5444015444015,14.235730479220742,777,d,c,0.2540236997513345,8.982433564878251,6.050723560088914,313,970
1069,4930721,6305.269820971867,5949.5,2230.9526321044327,794.7020460358057,7.823435997879891,782,a,c,0.3538234993027726,1.7735090176935595,8.783479759616851,296,566
1070,5515214,7034.711734693878,6836.0,1794.7002641458569,867.952806122449,8.02807374855249,784,c,c,0.2551206548087439,3.428696851212452,6.246232532651384,58,408
1071,4725345,6027.225765306122,5893.5,1357.771475852245,728.6198979591836,8.22285446569333,784,a,a,0.2252730408188523,2.24590857639145,2.536298701669065,325,624
1072,5314269,6821.911424903723,6705.0,1972.9416943139397,642.0731707317074,10.522924421950435,779,a,c,0.2892065832329072,3.2239361651526903,6.405323826258548,252,474
1073,5668621,7276.792041078305,6920.0,1808.3295215466107,918.2631578947368,7.843883484277527,779,a,c,0.2485064175722472,6.558370176410196,19.274072134581395,203,363
1074,4014070,5146.24358974359,4892.0,1455.4321176848605,555.6076923076923,9.150376541552172,780,c,c,0.2828144630746826,6.384639850014229,4.533654342372744,116,819
1075,9004545,11485.389030612245,11312.0,1577.4930279766766,1092.7602040816328,10.4836359027428,784,a,c,0.1373478097931338,-3.0921210532497443,5.453683317144257,26,43
1076,2820000,3620.02567394095,3432.0,1019.9757416129156,545.4492939666238,6.564140822696961,779,a,c,0.281759256282433,13.71632762459656,15.899326619410193,571,1070
1077,3497529,4489.767650834403,4317.0,1290.4325727696053,495.9396662387677,8.943171757745562,779,a,a,0.2874163371304491,2.91662269924778,3.563731289542719,503,963
1078,5289878,6808.079794079794,6115.0,2174.8346160172173,523.6293436293437,12.758755752871968,777,d,c,0.3194490490414671,16.2626119208526,9.266791523999292,145,478
1079,6783229,8685.312419974392,7989.0,2595.3799306305623,689.3265044814341,12.419481513964367,781,a,a,0.2988240152031531,-2.2092352381652485,-4.386284658939029,109,187
1080,6338656,10190.765273311898,9980.5,1805.7779182569093,841.5305466237942,12.056126843416928,622,a,a,0.1771974792693905,-51.20176762591411,26.729898743780016,141,241
1081,4485164,5924.919418758256,5904.0,2154.4077581719803,937.1783355350066,6.243340764571594,757,b,a,0.3636180690240511,135.03443890852503,-12.4623275665078,15,688
1082,5494934,7044.78717948718,6592.0,1983.6774069333085,1034.696153846154,6.73785773997493,780,c,a,0.2815808847582119,-1.409759335581481,-1.72153290839427,59,418
1083,4019314,5146.368758002561,5025.0,1235.9199365186348,360.65044814340587,14.160655231874468,781,d,c,0.2401537850541296,17.842868703570012,14.449211725279678,263,818
1084,4904211,6271.369565217391,6015.0,1235.5432134331672,807.9590792838875,7.716501853832163,782,a,a,0.1970132999792906,-0.3288686321966528,-0.4378406668453771,302,576
1085,5932711,7567.233418367346,7327.0,1944.0015912610752,760.3201530612245,9.86789661408894,784,c,a,0.2568972679688397,-1.791900639691453,-4.441181286611486,42,310
1086,5996057,7677.409731113957,7152.0,3061.3504215786943,839.134443021767,8.898976749266733,781,a,a,0.3987478236536044,-27.02179544255173,-17.67427453409817,165,295
1087,4925247,6282.202806122449,6077.5,1370.3662498359445,615.4808673469388,10.124901304083703,784,d,c,0.2181346722045372,2.228841109209662,9.29190048634493,178,570
1088,3960984,5084.703465982028,4874.0,1599.7379800319206,485.14762516046216,10.356277651309364,779,a,a,0.3146177531756922,6.964768631088589,3.8268064711689633,432,834
1089,7915233,10160.761232349165,9914.0,2279.6327737202664,1002.5750962772786,10.061195214700952,779,d,a,0.2243564947144433,2.588942286057339,3.9435638232885206,13,85
1090,5033396,6453.071794871795,6333.5,2365.2010365909705,785.6602564102565,8.128108422444567,780,a,a,0.3665232794202874,3.9894473462607896,3.701396408051547,290,549
1091,6488655,8276.345663265307,7830.0,2193.6272559600907,697.1913265306123,11.735850775518935,784,a,c,0.2650478055425525,4.448621579572032,5.880138246703528,132,225
1092,7439455,11960.538585209004,11726.5,1881.239609383392,1165.022508038585,10.225374947016585,622,a,a,0.1572871987311529,-50.67584714369494,25.40253566680671,66,110
1093,6504285,8338.826923076924,8112.5,1938.9534363376983,869.45,9.521067994359724,780,c,c,0.2325211272789253,2.2688418804573,5.398069899666264,30,224
1094,2845473,4574.715434083601,4452.0,1022.1727439967184,373.8424437299036,12.173193916657471,622,d,a,0.2234396343827401,-49.85982021338143,29.18267775128302,338,1063
1095,3739067,4781.415601023018,4632.5,1354.59944324457,677.8324808184143,6.977261083823023,782,a,a,0.2833051038179454,2.981644476377504,3.036139954686681,465,897
1096,4250632,5456.523748395379,5052.0,1565.2449508570096,633.0629011553274,8.493275640551829,779,a,c,0.2868575347660325,19.83030710416978,10.793048306886677,391,750
1097,9179413,9744.599787685776,9603.0,1900.8919585742135,2420.9214437367305,4.01524695913011,942,b,b,0.195071321551488,7.722019316760151,8.183078857897028,9,41
1098,4102408,5259.497435897436,5211.0,1670.5200427073964,709.0769230769231,7.341476384980892,780,a,a,0.317619708549654,3.1648809870015984,0.0027064712810919,413,791
1099,6914599,7743.111982082867,7552.0,2128.2315741445686,979.94960806271,7.860948780688561,893,a,c,0.2748548101937798,-4.101660008851249,2.5357689568402955,100,164
1100,4167374,5405.1543450064855,4893.0,2039.0146807599197,667.3190661478599,7.909743345429402,771,a,a,0.3772352370739698,-7.1916804510058885,1.056833057747051,402,769
1101,7818257,9972.266581632652,9423.0,2524.222450563548,988.4502551020408,9.971626884876445,784,d,c,0.2531242451152247,4.574951672925768,4.342612395045666,15,87
1102,4353993,6999.988745980708,6823.5,1267.1549903620285,706.4774919614148,9.867706902816415,622,a,a,0.1810224325131394,-50.33395913321219,17.761311263326903,373,717
1103,3920264,5019.544174135724,4782.0,1449.4535671205374,385.66453265044817,12.845461489338396,781,d,c,0.2887619904988898,17.62306748798036,18.02092948126269,273,844
1104,3397012,5461.434083601286,5452.0,1278.694661250618,431.2138263665595,12.557783200734828,622,d,a,0.2341316660929912,-50.87053966704619,17.22211212128719,315,980
1105,3555802,4564.572528883184,4155.0,1579.5896471173648,510.0359435173299,8.776140876907876,779,c,c,0.3460542333640701,25.248448482065445,15.413061836588788,129,945
1106,3836971,4894.095663265306,4825.0,1388.8520687036266,557.6135204081633,8.695078986363288,784,a,c,0.2837811445183305,3.581406934965122,6.44807706622038,453,870
1107,3882362,6231.720706260032,5719.0,2014.6614539320567,668.5313001605136,9.131440221993858,623,a,a,0.3232913586625028,-48.56216650159904,17.224012892828362,442,856
1108,4482599,5746.921794871795,5401.0,2441.871581770977,590.2666666666667,9.576191387047633,780,a,a,0.4249007849645623,5.191107530425072,3.662476770365021,355,691
1109,3064721,4927.204180064308,4568.5,1394.9246460749282,452.3376205787781,10.77207705531916,622,c,a,0.2831067264715468,-50.771601914359245,17.51575352712928,140,1035
1110,3548486,4531.910600255428,4222.0,1433.165992416244,540.176245210728,8.25115913636751,783,c,c,0.3162388049613043,6.05799714914167,10.81024677163701,130,947
1111,4091076,5251.702182284981,5028.0,1667.623036667621,451.7111681643132,11.547387779892558,779,a,a,0.3175395288584413,-3.534391740220049,-10.143885870560258,416,795
1112,7974294,10236.577663671373,9410.0,3334.921787170452,838.6084724005135,11.993852522067238,779,c,c,0.3257848371537069,-14.765568800365797,-8.302924425128182,11,80
1113,5196242,6627.859693877551,6354.5,1456.489301811588,717.0293367346939,9.211188529314883,784,a,c,0.2197525851606382,2.7355817190114555,2.9784030614682098,260,500
1114,16202585,20666.5625,20412.5,3452.9386005960164,3200.9464285714284,6.454991923245973,784,a,c,0.1670785163520066,1.0125307738607203,8.109469680843516,2,4
1115,4922229,6302.469910371319,6126.0,1728.1617566380398,432.62996158770807,14.41595413537562,781,d,c,0.2742038885095165,17.15531092691844,12.643213236607812,179,572
